No,Kode,Nama Perusahaan,Entry Point,Sektor,Subsektor
1,AALI,PT Astra Agro Lestari Tbk.,General,Agriculture,Plantation
2,ABBA,PT Mahaka Media Tbk.,General,"Trade, Services & Investment","Advertising, Printing And Media"
3,ABDA,PT Asuransi Bina Dana Arta Tbk.,Insurance,Finance,Insurance
4,ABMM,PT ABM Investama Tbk.,General,"Trade, Services & Investment",Investment Company
5,ACES,PT Ace Hardware Indonesia Tbk.,General,"Trade, Services & Investment",Retail Trade
6,ACST,PT Acset Indonusa Tbk.,Property,"Property, Real Estate And Building Construction",Building Construction
7,ADES,PT Akasha Wira International Tbk.,General,Consumer Goods Industry,Food And Beverages
8,ADHI,PT Adhi Karya (Persero) Tbk.,Property,"Property, Real Estate And Building Construction",Building Construction
9,ADMF,PT Adira Dinamika Multi Finance Tbk.,Financing,Finance,Financial Institution
10,ADMG,PT Polychem Indonesia Tbk.,General,Basic Industry And Chemicals,Chemicals
11,ADRO,PT Adaro Energy Tbk.,General,Mining,Coal Mining
12,AGAR,PT Asia Sejahtera Mina Tbk.,General,"Trade, Services & Investment",Wholesale (Durable & Non-Durable Goods)
13,AGII,PT Aneka Gas Industri Tbk.,General,Basic Industry And Chemicals,Chemicals
14,AGRO,PT Bank Rakyat Indonesia Agroniaga,Financial and Sharia,Finance,Bank
"",,Tbk.,,,
15,AGRS,PT Bank IBK Indonesia Tbk.,Financial and Sharia,Finance,Bank
16,AHAP,PT Asuransi Harta Aman Pratama Tbk.,Insurance,Finance,Insurance
17,AIMS,PT Akbar Indo Makmur Stimec Tbk.,General,"Trade, Services & Investment",Wholesale (Durable & Non-Durable Goods)
18,AISA,PT Tiga Pilar Sejahtera Food Tbk.,General,Consumer Goods Industry,Food And Beverages
No,Kode,Nama Perusahaan,Entry Point,Sektor,Subsektor
19,AKKU,PT Anugerah Kagum Karya Utama,General,"Trade, Services & Investment","Tourism, Restaurant And  Hotel"
"",,Tbk.,,,
20,AKPI,PT Argha Karya Prima Industry Tbk.,General,Basic Industry And Chemicals,Plastics & Packaging
21,AKRA,PT AKR Corporindo Tbk.,General,"Trade, Services & Investment",Wholesale (Durable & Non-Durable Goods)
22,AKSI,PT Maming Enam Sembilan Mineral,General,"Infrastructure, Utilities  And Transportation",Transportation
"",,Tbk.,,,
23,ALDO,PT Alkindo Naratama Tbk.,General,Basic Industry And Chemicals,Pulp & Paper
24,ALKA,PT Alakasa Industrindo Tbk.,General,Basic Industry And Chemicals,Metal And Allied Products
25,ALMI,PT Alumindo Light Metal Industry,General,Basic Industry And Chemicals,Metal And Allied Products
"",,Tbk.,,,
26,ALTO,PT Tri Banyan Tirta Tbk.,General,Consumer Goods Industry,Food And Beverages
27,AMAG,PT Asuransi Multi Artha Guna Tbk.,Insurance,Finance,Insurance
28,AMAR,PT Bank Amar Indonesia Tbk.,Financial and Sharia,Finance,Bank
29,AMFG,PT Asahimas Flat Glass Tbk.,General,Basic Industry And Chemicals,"Ceramics, Glass, Porcelain"
30,AMIN,PT Ateliers Mecaniques D’Indonesie,Infrastruktur /,Miscellaneous Industry,Machinery And Heavy Equipment
"",,Tbk.,Infrastructure,,
31,AMOR,PT Ashmore Asset Management,General,Finance,Securities Company
"",,Indonesia Tbk.,,,
32,AMRT,PT Sumber Alfaria Trijaya Tbk.,General,"Trade, Services & Investment",Retail Trade
33,ANDI,PT Andira Agro Tbk.,General,Agriculture,Plantation
34,ANJT,PT Austindo Nusantara Jaya Tbk.,General,Agriculture,Plantation
35,ANTM,PT Aneka Tambang Tbk.,General,Mining,Metal And Mineral Mining
36,APAI,PT Angkasa Pura I (Persero),Infrastruktur /,"Infrastructure, Utilities  And Transportation","Toll Road, Airport, Harbor And Allied Products"
"",,,Infrastructure,,
37,APEX,PT Apexindo Pratama Duta Tbk.,General,Mining,Crude Petroleum & Natural Gas Production
38,APIA,PT Angkasa Pura II (Persero),Infrastruktur /,"Infrastructure, Utilities  And Transportation","Toll Road, Airport, Harbor And Allied Products"
"",,,Infrastructure,,
39,APIC,PT Pacific Strategic Financial Tbk.,General,Finance,Others
40,APII,PT Arita Prima Indonesia Tbk.,General,"Trade, Services & Investment",Wholesale (Durable & Non-Durable Goods)
41,APLI,PT Asiaplast Industries Tbk.,General,Basic Industry And Chemicals,Plastics & Packaging
42,APLN,PT Agung Podomoro Land Tbk.,Property,"Property, Real Estate And Building Construction",Property And Real Estate
43,APOL,PT Arpeni Pratama Ocean Line Tbk.,General,"Infrastructure, Utilities  And Transportation",Transportation
44,ARGO,PT Argo Pantes Tbk.,General,Miscellaneous Industry,"Textile, Garment"
45,ARII,PT Atlas Resources Tbk.,General,Mining,Coal Mining
46,ARKA,PT Arkha Jayanti Persada Tbk.,General,Miscellaneous Industry,Machinery And Heavy Equipment
47,ARMY,PT Armidian Karyatama Tbk.,General,"Property, Real Estate And Building Construction",Property And Real Estate
No,Kode,Nama Perusahaan,Entry Point,Sektor,Subsektor
48,ARNA,PT Arwana Citramulia Tbk.,General,Basic Industry And Chemicals,"Ceramics, Glass, Porcelain"
49,ARTA,PT Arthavest Tbk.,General,"Trade, Services & Investment","Tourism, Restaurant And  Hotel"
50,ARTI,PT Ratu Prabu Energi Tbk.,General,Mining,Crude Petroleum & Natural Gas Production
51,ARTO,PT Bank Artos Indonesia Tbk.,Financial and Sharia,Finance,Bank
52,ASBI,PT Asuransi Bintang Tbk.,Insurance,Finance,Insurance
53,ASDF,PT Astra Sedaya Finance,Financing,Finance,Financial Institution
54,ASDM,PT Asuransi Dayin Mitra Tbk.,Insurance,Finance,Insurance
55,ASGR,PT Astra Graphia Tbk.,General,"Trade, Services & Investment",Computer And Services
56,ASII,PT Astra International Tbk.,General,Miscellaneous Industry,Automotive And Components
57,ASJT,PT Asuransi Jasa Tania Tbk.,Insurance,Finance,Insurance
58,ASMI,PT Asuransi Kresna Mitra Tbk.,Insurance,Finance,Insurance
59,ASPI,PT Andalan Sakti Primaindo Tbk.,Property,"Property, Real Estate And Building Construction",Property And Real Estate
60,ASRI,PT Alam Sutera Realty Tbk.,Property,"Property, Real Estate And Building Construction",Property And Real Estate
61,ASRM,PT Asuransi Ramayana Tbk.,Insurance,Finance,Insurance
62,ASSA,PT Adi Sarana Armada Tbk.,Infrastruktur /,"Infrastructure, Utilities  And Transportation",Transportation
"",,,Infrastructure,,
63,ATIC,PT Anabatic Technologies Tbk.,General,"Trade, Services & Investment",Computer And Services
64,AUTO,PT Astra Otoparts Tbk.,General,Miscellaneous Industry,Automotive And Components
65,AYLS,PT Agro Yasa Lestari Tbk.,General,"Trade, Services & Investment",Wholesale (Durable & Non-Durable Goods)
66,BABP,PT Bank MNC Internasional Tbk.,Financial and Sharia,Finance,Bank
67,BACA,PT Bank Capital Indonesia Tbk.,Financial and Sharia,Finance,Bank
68,BAFI,PT Bussan Auto Finance Tbk.,Financing,Finance,Financial Institution
69,BAJA,PT Saranacentral Bajatama Tbk.,General,Basic Industry And Chemicals,Metal And Allied Products
70,BALI,PT Bali Towerindo Sentra Tbk.,Infrastruktur /,"Infrastructure, Utilities  And Transportation",Non Building Construction
"",,,Infrastructure,,
71,BAPA,PT Bekasi Asri Pemula  Tbk.,Property,"Property, Real Estate And Building Construction",Property And Real Estate
72,BAPI,PT Bhakti Agung Propertindo Tbk.,Property,"Property, Real Estate And Building Construction",Property And Real Estate
73,BATA,PT Sepatu Bata Tbk.,General,Miscellaneous Industry,Footwear
74,BAYU,PT Bayu Buana Tbk.,General,"Trade, Services & Investment","Tourism, Restaurant And  Hotel"
75,BBCA,PT Bank Central Asia Tbk.,Financial and Sharia,Finance,Bank
76,BBHI,PT Bank Harda International Tbk.,Financial and Sharia,Finance,Bank
77,BBIA,PT Bank UOB Indonesia,Financial and Sharia,Finance,Bank
78,BBKE,PT Bank Kesejahteraan Ekonomi,Financing,Finance,Bank
79,BBKP,PT Bank Bukopin Tbk.,Financial and Sharia,Finance,Bank
80,BBLD,PT Buana Finance Tbk.,Financing,Finance,Financial Institution
No,Kode,Nama Perusahaan,Entry Point,Sektor,Subsektor
81,BBMD,PT Bank Mestika Dharma Tbk.,Financial and Sharia,Finance,Bank
82,BBNI,PT Bank Negara Indonesia (Persero),Financial and Sharia,Finance,Bank
"",,Tbk.,,,
83,BBRI,PT Bank Rakyat Indonesia (Persero),Financial and Sharia,Finance,Bank
"",,Tbk.,,,
84,BBRM,PT Pelayaran Nasional Bina Buana,Infrastruktur /,"Infrastructure, Utilities  And Transportation",Transportation
"",,Raya Tbk.,Infrastructure,,
85,BBTN,PT Bank Tabungan Negara (Persero),Financial and Sharia,Finance,Bank
"",,Tbk.,,,
86,BBYB,PT Bank Yudha Bhakti Tbk.,Financial and Sharia,Finance,Bank
87,BCAF,PT BCA Finance,Financing,Finance,Financial Institution
88,BCAP,PT MNC Kapital Indonesia Tbk.,General,Finance,Others
89,BCIC,PT Bank JTrust Indonesia Tbk.,Financial and Sharia,Finance,Bank
90,BCIP,PT Bumi Citra Permai Tbk.,Property,"Property, Real Estate And Building Construction",Property And Real Estate
91,BDKI,PT Bank Pembangunan Daerah DKI,Financial and Sharia,Finance,Bank
"",,Jakarta,,,
92,BDMN,PT Bank Danamon Indonesia Tbk.,Financial and Sharia,Finance,Bank
93,BEEF,PT Estetika Tata Tiara Tbk.,General,Agriculture,Animal Husbandry
94,BEKS,PT Bank Pembangunan Daerah,Financial and Sharia,Finance,Bank
"",,Banten Tbk.,,,
95,BELL,PT Trisula Textile Industries Tbk.,General,Miscellaneous Industry,"Textile, Garment"
96,BEST,PT Bekasi Fajar Industrial Estate Tbk.,Property,"Property, Real Estate And Building Construction",Property And Real Estate
97,BEXI,Indonesia Eximbank,Financial and Sharia,Finance,Bank
98,BFIN,PT BFI Finance Indonesia Tbk.,Financing,Finance,Financial Institution
99,BGTG,PT Bank Ganesha Tbk.,Financial and Sharia,Finance,Bank
100,BHIT,PT MNC Investama Tbk.,General,"Trade, Services & Investment",Investment Company
101,BIIF,PT Maybank Indonesia Finance,Financing,Finance,Financial Institution
102,BIKA,PT Binakarya Jaya Abadi Tbk.,Property,"Property, Real Estate And Building Construction",Property And Real Estate
103,BIMA,PT Primarindo Asia Infrastructure Tbk.,General,Miscellaneous Industry,Footwear
104,BINA,PT Bank Ina Perdana Tbk.,Financial and Sharia,Finance,Bank
105,BIPI,PT Astrindo Nusantara Infrastruktur,General,Mining,Crude Petroleum & Natural Gas Production
"",,Tbk.,,,
106,BIPP,PT Bhuwanatala Indah Permai Tbk.,Property,"Property, Real Estate And Building Construction",Property And Real Estate
107,BIRD,PT Blue Bird Tbk.,Infrastruktur /,"Infrastructure, Utilities  And Transportation",Transportation
"",,,Infrastructure,,
108,BISI,PT BISI International Tbk.,General,Agriculture,Crops
No,Kode,Nama Perusahaan,Entry Point,Sektor,Subsektor
109,BJBR,PT Bank Pembangunan Daerah Jawa,Financial and Sharia,Finance,Bank
"",,Barat Dan Banten Tbk.,,,
110,BJTG,PT Bank Pembangunan Daerah Jawa,Financial and Sharia,Finance,Bank
"",,Tengah,,,
111,BJTM,PT Bank Pembangunan Daerah Jawa,Financial and Sharia,Finance,Bank
"",,Timur Tbk.,,,
112,BKDP,PT Bukit Darmo Property Tbk.,Property,"Property, Real Estate And Building Construction",Property And Real Estate
113,BKSL,PT Sentul City Tbk.,Property,"Property, Real Estate And Building Construction",Property And Real Estate
114,BKSW,PT Bank QNB Indonesia Tbk.,Financial and Sharia,Finance,Bank
115,BLAM,PT Bank Pembangunan Daerah,Financial and Sharia,Finance,Bank
"",,Lampung,,,
116,BLTA,PT Berlian Laju Tanker Tbk.,Infrastruktur /,"Infrastructure, Utilities  And Transportation",Transportation
"",,,Infrastructure,,
117,BLTZ,PT Graha Layar Prima Tbk.,General,"Trade, Services & Investment","Advertising, Printing And Media"
118,BLUE,PT Berkah Prima Perkasa Tbk.,General,"Trade, Services & Investment",Wholesale (Durable & Non-Durable Goods)
119,BMAS,PT Bank Maspion Indonesia Tbk.,Financial and Sharia,Finance,Bank
120,BMLK,PT Bank Pembangunan Daerah,Financial and Sharia,Finance,Financial Institution
"",,Maluku dan Maluku Utara,,,
121,BMRI,PT Bank Mandiri (Persero) Tbk.,Financial and Sharia,Finance,Bank
122,BMSR,PT Bintang Mitra Semestaraya Tbk.,General,"Trade, Services & Investment",Wholesale (Durable & Non-Durable Goods)
123,BMTP,PT Bank Mandiri Taspen,Financial and Sharia,Finance,Bank
124,BMTR,PT Global Mediacom Tbk.,General,"Trade, Services & Investment",Investment Company
125,BNBA,PT Bank Bumi Arta Tbk.,Financial and Sharia,Finance,Bank
126,BNBR,PT Bakrie & Brothers Tbk.,General,"Trade, Services & Investment",Investment Company
127,BNGA,PT Bank CIMB Niaga Tbk.,Financial and Sharia,Finance,Bank
128,BNII,PT Bank Maybank Indonesia Tbk.,Financial and Sharia,Finance,Bank
129,BNLI,PT Bank Permata Tbk.,Financial and Sharia,Finance,Bank
130,BNTT,PT Bank Pembangunan Nusa,Financial and Sharia,Finance,Bank
"",,Tenggara Timur,,,
131,BOGA,PT Bintang Oto Global Tbk.,General,"Trade, Services & Investment",Wholesale (Durable & Non-Durable Goods)
132,BOLA,PT Bali Bintang Sejahtera Tbk.,General,"Trade, Services & Investment",Others
133,BOLT,PT Garuda Metalindo Tbk.,General,Miscellaneous Industry,Automotive And Components
134,BOSS,PT Borneo Olah Sarana Sukses Tbk.,General,Mining,Coal Mining
135,BPFI,PT Batavia Prosperindo Finance Tbk.,Financing,Finance,Financial Institution
136,BPII,PT Batavia Prosperindo International,General,Finance,Others
"",,Tbk.,,,
No,Kode,Nama Perusahaan,Entry Point,Sektor,Subsektor
137,BPTR,PT Batavia Prosperindo Trans Tbk.,General,"Infrastructure, Utilities  And Transportation",Transportation
138,BRAM,PT Indo Kordsa Tbk.,General,Miscellaneous Industry,Automotive And Components
139,BRIS,PT Bank BRISyariah Tbk.,Financial and Sharia,Finance,Bank
140,BRMS,PT Bumi Resources Minerals Tbk.,General,Mining,Metal And Mineral Mining
141,BRNA,PT Berlina Tbk.,General,Basic Industry And Chemicals,Plastics & Packaging
142,BRPT,PT Barito Pacific Tbk.,General,Basic Industry And Chemicals,Chemicals
143,BSBR,PT Bank Pembangunan Daerah,Financial and Sharia,Finance,Bank
"",,Sumatera Barat,,,
144,BSDE,PT Bumi Serpong Damai Tbk.,Property,"Property, Real Estate And Building Construction",Property And Real Estate
145,BSIM,PT Bank Sinarmas Tbk.,Financial and Sharia,Finance,Bank
146,BSMT,PT Bank Pembangunan Daerah,Financial and Sharia,Finance,Bank
"",,Sumatera Utara,,,
147,BSSB,PT Bank Pembangunan Daerah,Financial and Sharia,Finance,Bank
"",,Sulawesi Selatan Dan Barat,,,
148,BSSR,PT Baramulti Suksessarana Tbk.,General,Mining,Coal Mining
149,BSWD,PT Bank of India Indonesia Tbk.,Financial and Sharia,Finance,Bank
150,BTEK,PT Bumi Teknokultura Unggul Tbk.,General,Consumer Goods Industry,Food And Beverages
151,BTEL,PT Bakrie Telecom Tbk.,Infrastruktur /,"Infrastructure, Utilities  And Transportation",Telecommunication
"",,,Infrastructure,,
152,BTON,PT Betonjaya Manunggal Tbk.,General,Basic Industry And Chemicals,Metal And Allied Products
153,BTPN,PT Bank BTPN Tbk.,Financial and Sharia,Finance,Bank
154,BTPS,PT Bank Tabungan Pensiunan,Financial and Sharia,Finance,Bank
"",,Nasional Syariah Tbk.,,,
155,BUDI,PT Budi Starch & Sweetener Tbk.,General,Consumer Goods Industry,Food And Beverages
156,BUKK,PT Bukaka Teknik Utama Tbk.,Infrastruktur /,"Infrastructure, Utilities  And Transportation",Non Building Construction
"",,,Infrastructure,,
157,BULL,PT Buana Lintas Lautan Tbk.,Infrastruktur /,"Infrastructure, Utilities  And Transportation",Transportation
"",,,Infrastructure,,
158,BUMI,PT Bumi Resources Tbk.,General,Mining,Coal Mining
159,BUVA,PT Bukit Uluwatu Villa Tbk.,General,"Trade, Services & Investment","Tourism, Restaurant And  Hotel"
160,BVIC,PT Bank Victoria International Tbk.,Financial and Sharia,Finance,Bank
161,BWPT,PT Eagle High Plantations Tbk.,General,Agriculture,Plantation
162,BYAN,PT Bayan Resources Tbk.,General,Mining,Coal Mining
163,CAKK,PT Cahayaputra Asa Keramik Tbk.,General,Basic Industry And Chemicals,"Ceramics, Glass, Porcelain"
164,CAMP,PT Campina Ice Cream Industry Tbk.,General,Consumer Goods Industry,Food And Beverages
165,CANI,PT Capitol Nusantara Indonesia Tbk.,Infrastruktur /,"Infrastructure, Utilities  And Transportation",Transportation
No,Kode,Nama Perusahaan,Entry Point,Sektor,Subsektor
"",,,Infrastructure,,
166,CARS,PT Industri dan Perdagangan Bintraco,General,"Trade, Services & Investment",Wholesale (Durable & Non-Durable Goods)
"",,Dharma Tbk.,,,
167,CASA,PT Capital Financial Indonesia Tbk.,Financial and Sharia,Finance,Others
168,CASS,PT Cardig Aero Services Tbk.,Infrastruktur /,"Infrastructure, Utilities  And Transportation","Toll Road, Airport, Harbor And Allied Products"
"",,,Infrastructure,,
169,CCSI,PT Communication Cable Systems,General,Miscellaneous Industry,Cable
"",,Indonesia Tbk.,,,
170,CEKA,PT Wilmar Cahaya Indonesia Tbk.,General,Consumer Goods Industry,Food And Beverages
171,CENT,PT Centratama Telekomunikasi,Infrastruktur /,"Infrastructure, Utilities  And Transportation",Non Building Construction
"",,Indonesia Tbk.,Infrastructure,,
172,CFIN,PT Clipan Finance Indonesia Tbk.,Financing,Finance,Financial Institution
173,CINT,PT Chitose Internasional Tbk.,General,Consumer Goods Industry,Houseware
174,CITA,PT Cita Mineral Investindo Tbk.,General,Mining,Metal And Mineral Mining
175,CITY,PT Natura City Developments Tbk.,Property,"Property, Real Estate And Building Construction",Property And Real Estate
176,CKRA,PT Cakra Mineral Tbk.,General,Mining,Metal And Mineral Mining
177,CLAY,PT Citra Putra Realty Tbk.,Property,"Trade, Services & Investment","Tourism, Restaurant And  Hotel"
178,CLEO,PT Sariguna Primatirta Tbk.,General,Consumer Goods Industry,Food And Beverages
179,CLPI,PT Colorpak Indonesia Tbk.,General,"Trade, Services & Investment",Wholesale (Durable & Non-Durable Goods)
180,CMNP,PT Citra Marga Nusaphala Persada,Infrastruktur /,"Infrastructure, Utilities  And Transportation","Toll Road, Airport, Harbor And Allied Products"
"",,Tbk.,Infrastructure,,
181,CMPP,PT Air Asia Indonesia Tbk.,Infrastruktur /,"Infrastructure, Utilities  And Transportation",Transportation
"",,,Infrastructure,,
182,CNKO,PT Exploitasi Energi Indonesia Tbk.,General,"Trade, Services & Investment",Wholesale (Durable & Non-Durable Goods)
183,CNTX,PT Century Textile Industry Tbk.,General,Miscellaneous Industry,"Textile, Garment"
184,COCO,PT Wahana Interfood Nusantara Tbk.,General,Consumer Goods Industry,Food And Beverages
185,COWL,PT Cowell Development Tbk.,Property,"Property, Real Estate And Building Construction",Property And Real Estate
186,CPIN,PT Charoen Pokphand Indonesia Tbk.,General,Basic Industry And Chemicals,Animal Feed
187,CPRI,PT Capri Nusa Satu Properti Tbk.,Property,"Property, Real Estate And Building Construction",Property And Real Estate
188,CPRO,PT Central Proteina Prima Tbk.,General,Basic Industry And Chemicals,Animal Feed
189,CSAP,PT Catur Sentosa Adiprana Tbk.,General,"Trade, Services & Investment",Retail Trade
190,CSIS,PT Cahayasakti Investindo Sukses Tbk.,Property,"Property, Real Estate And Building Construction",Building Construction
191,CSRA,PT Cisadane Sawit Raya Tbk.,General,Agriculture,Plantation
192,CSUL,PT Chandra Sakti Utama Leasing,Financing,Finance,Financial Institution
193,CTBN,PT Citra Tubindo Tbk.,General,Basic Industry And Chemicals,Metal And Allied Products
194,CTRA,PT Ciputra Development Tbk.,Property,"Property, Real Estate And Building Construction",Property And Real Estate
No,Kode,Nama Perusahaan,Entry Point,Sektor,Subsektor
195,CTRR,PT Ciputra Residence,Property,"Property, Real Estate And Building Construction",Property And Real Estate
196,CTTH,PT Citatah Tbk.,General,Mining,Land / Stone Quarrying
197,DADA,PT Diamond Citra Propertindo Tbk.,Property,"Property, Real Estate And Building Construction",Property And Real Estate
198,DART,PT Duta Anggada Realty Tbk.,Property,"Property, Real Estate And Building Construction",Property And Real Estate
199,DAYA,PT Duta Intidaya Tbk.,General,"Trade, Services & Investment",Retail Trade
200,DEAL,PT Dewata Freight International Tbk.,Infrastruktur /,"Infrastructure, Utilities  And Transportation",Transportation
"",,,Infrastructure,,
201,DEFI,PT Danasupra Erapacific Tbk.,Financing,Finance,Financial Institution
202,DEWA,PT Darma Henwa Tbk.,General,Mining,Coal Mining
203,DFAM,PT Dafam Property Indonesia Tbk.,General,"Trade, Services & Investment","Tourism, Restaurant And  Hotel"
204,DGIK,PT Nusa Konstruksi Enjiniring Tbk.,Collective,"Property, Real Estate And Building Construction",Building Construction
205,DIGI,PT Arkadia Digital Media Tbk.,General,"Trade, Services & Investment",Computer And Services
206,DILD,PT Intiland Development Tbk.,Financing,"Property, Real Estate And Building Construction",Property And Real Estate
207,DIVA,PT Distribusi Voucher Nusantara Tbk.,General,"Trade, Services & Investment",Retail Trade
208,DKFT,PT Central Omega Resources Tbk.,General,Mining,Metal And Mineral Mining
209,DLTA,PT Delta Djakarta Tbk.,General,Consumer Goods Industry,Food And Beverages
210,DMAS,PT Puradelta Lestari Tbk.,Property,"Property, Real Estate And Building Construction",Property And Real Estate
211,DMMX,PT Digital Mediatama Maxima Tbk.,General,"Trade, Services & Investment","Advertising, Printing And Media"
212,DMND,PT Diamond Food Indonesia Tbk.,General,Consumer Goods Industry,Food And Beverages
213,DNAR,PT Bank Dinar Indonesia Tbk.,Financial and Sharia,Finance,Bank
214,DNET,PT Indoritel Makmur Internasional,General,"Trade, Services & Investment",Computer And Services
"",,Tbk.,,,
215,DOID,PT Delta Dunia Makmur Tbk.,General,Mining,Coal Mining
216,DPNS,PT Duta Pertiwi Nusantara Tbk.,General,Basic Industry And Chemicals,Chemicals
217,DPUM,PT Dua Putra Utama Makmur Tbk.,General,"Trade, Services & Investment",Wholesale (Durable & Non-Durable Goods)
218,DSFI,PT Dharma Samudera Fishing,General,Agriculture,Fishery
"",,Industries Tbk.,,,
219,DSNG,PT Dharma Satya Nusantara Tbk.,General,Agriculture,Plantation
220,DSSA,PT Dian Swastatika Sentosa Tbk.,General,Mining,Coal Mining
221,DUCK,PT Jaya Bersama Indo Tbk.,General,"Trade, Services & Investment","Tourism, Restaurant And  Hotel"
222,DUTI,PT Duta Pertiwi Tbk.,Property,"Property, Real Estate And Building Construction",Property And Real Estate
223,DVLA,PT Darya-Varia Laboratoria Tbk.,General,Consumer Goods Industry,Pharmaceuticals
224,DWGL,PT Dwi Guna Laksana Tbk.,General,"Trade, Services & Investment",Wholesale (Durable & Non-Durable Goods)
225,DYAN,PT Dyandra Media International Tbk.,General,"Trade, Services & Investment",Others
226,EAST,PT Eastparc Hotel Tbk.,Property,"Trade, Services & Investment","Tourism, Restaurant And  Hotel"
No,Kode,Nama Perusahaan,Entry Point,Sektor,Subsektor
227,ECII,PT Electronic City Indonesia Tbk.,General,"Trade, Services & Investment",Retail Trade
228,EKAD,PT Ekadharma International Tbk.,General,Basic Industry And Chemicals,Chemicals
229,ELSA,PT Elnusa Tbk.,General,Mining,Crude Petroleum & Natural Gas Production
230,ELTY,PT Bakrieland Development Tbk.,Property,"Property, Real Estate And Building Construction",Property And Real Estate
231,EMDE,PT Megapolitan Developments Tbk.,Property,"Property, Real Estate And Building Construction",Property And Real Estate
232,EMTK,PT Elang Mahkota Teknologi Tbk.,General,"Trade, Services & Investment","Advertising, Printing And Media"
233,ENRG,PT Energi Mega Persada Tbk.,General,Mining,Crude Petroleum & Natural Gas Production
234,ENVY,PT Envy Technologies Indonesia Tbk.,General,"Trade, Services & Investment",Computer And Services
235,EPMT,PT Enseval Putera Megatrading Tbk.,General,"Trade, Services & Investment",Wholesale (Durable & Non-Durable Goods)
236,ERAA,PT Erajaya Swasembada Tbk.,General,"Trade, Services & Investment",Retail Trade
237,ERTX,PT Eratex Djaja Tbk.,General,Miscellaneous Industry,"Textile, Garment"
238,ESIP,PT Sinergi Inti Plastindo Tbk.,General,Basic Industry And Chemicals,Plastics & Packaging
239,ESSA,PT Surya Esa Perkasa Tbk.,General,Mining,Crude Petroleum & Natural Gas Production
240,ESTI,PT Ever Shine Tex Tbk.,General,Miscellaneous Industry,"Textile, Garment"
241,ETWA,PT Eterindo Wahanatama Tbk.,General,Basic Industry And Chemicals,Chemicals
242,EXCL,PT XL Axiata Tbk.,Infrastruktur /,"Infrastructure, Utilities  And Transportation",Telecommunication
"",,,Infrastructure,,
243,FAST,PT Fast Food Indonesia Tbk.,General,"Trade, Services & Investment","Tourism, Restaurant And  Hotel"
244,FASW,PT Fajar Surya Wisesa Tbk.,General,Basic Industry And Chemicals,Pulp & Paper
245,FIFA,PT Federal International Finance,Financing,Finance,Financial Institution
246,FILM,PT MD Pictures Tbk.,General,"Trade, Services & Investment","Advertising, Printing And Media"
247,FINN,PT First Indo American Leasing Tbk.,Financing,Finance,Financial Institution
248,FIRE,PT Alfa Energi Investama Tbk.,General,Mining,Coal Mining
249,FISH,PT FKS Multi Agro Tbk.,General,"Trade, Services & Investment",Wholesale (Durable & Non-Durable Goods)
250,FITT,PT Hotel Fitra International Tbk.,General,"Trade, Services & Investment","Tourism, Restaurant And  Hotel"
251,FMII,PT Fortune Mate Indonesia Tbk.,Property,"Property, Real Estate And Building Construction",Property And Real Estate
252,FOOD,PT Sentra Food Indonesia Tbk.,General,Consumer Goods Industry,Food And Beverages
253,FORU,PT Fortune Indonesia Tbk.,General,"Trade, Services & Investment","Advertising, Printing And Media"
254,FORZ,PT Forza Land Indonesia Tbk.,Property,"Property, Real Estate And Building Construction",Property And Real Estate
255,FPNI,PT Lotte Chemical Titan Tbk.,General,Basic Industry And Chemicals,Plastics & Packaging
256,FREN,PT Smartfren Telecom Tbk.,Infrastruktur /,"Infrastructure, Utilities  And Transportation",Telecommunication
"",,,Infrastructure,,
257,FUJI,PT Fuji Finance Indonesia Tbk.,Financing,Finance,Financial Institution
258,GAMA,PT Gading Development Tbk.,Property,"Property, Real Estate And Building Construction",Property And Real Estate
259,GDST,PT Gunawan Dianjaya Steel Tbk.,General,Basic Industry And Chemicals,Metal And Allied Products
No,Kode,Nama Perusahaan,Entry Point,Sektor,Subsektor
260,GDYR,PT Goodyear Indonesia Tbk.,General,Miscellaneous Industry,Automotive And Components
261,GEMA,PT Gema Grahasarana Tbk.,General,"Trade, Services & Investment",Others
262,GEMS,PT Golden Energy Mines Tbk.,General,Mining,Coal Mining
263,GGRM,PT Gudang Garam Tbk.,General,Consumer Goods Industry,Tobacco Manufacturers
264,GGRP,PT Gunung Raja Paksi Tbk.,General,Basic Industry And Chemicals,Metal And Allied Products
265,GHON,PT Gihon Telekomunikasi Indonesia,Infrastruktur /,"Infrastructure, Utilities  And Transportation",Non Building Construction
"",,Tbk.,Infrastructure,,
266,GIAA,PT Garuda Indonesia (Persero) Tbk.,General,"Infrastructure, Utilities  And Transportation",Transportation
267,GJTL,PT Gajah Tunggal Tbk.,General,Miscellaneous Industry,Automotive And Components
268,GLOB,PT Global Teleshop Tbk.,General,"Trade, Services & Investment",Retail Trade
269,GLVA,PT Galva Technologies Tbk.,General,"Trade, Services & Investment",Computer And Services
270,GMFI,PT Garuda Maintenace Facility Aero,General,Miscellaneous Industry,Machinery And Heavy Equipment
"",,Asia Tbk.,,,
271,GMTD,PT Gowa Makassar Tourism,Property,"Property, Real Estate And Building Construction",Property And Real Estate
"",,Development Tbk.,,,
272,GOLD,PT Visi Telekomunikasi Infrastruktur,Property,"Infrastructure, Utilities  And Transportation",Non Building Construction
"",,Tbk.,,,
273,GOLL,PT Golden Plantation Tbk.,General,Agriculture,Plantation
274,GOOD,PT Goodfood Putra Putri Jaya Tbk.,General,Consumer Goods Industry,Food And Beverages
275,GPRA,PT Perdana Gapuraprima Tbk.,Property,"Property, Real Estate And Building Construction",Property And Real Estate
276,GREN,PT Evergreen Invesco Tbk.,General,"Trade, Services & Investment",Wholesale (Durable & Non-Durable Goods)
277,GSMF,PT Equity Development Investment,General,Finance,Others
"",,Tbk.,,,
278,GTBO,PT Garda Tujuh Buana Tbk.,General,Mining,Coal Mining
279,GWSA,PT Greenwood Sejahtera Tbk.,Property,"Property, Real Estate And Building Construction",Property And Real Estate
280,GZCO,PT Gozco Plantations Tbk.,General,Agriculture,Plantation
281,HADE,PT Himalaya Energi Perkasa Tbk.,Securities,"Trade, Services & Investment",Wholesale (Durable & Non-Durable Goods)
282,HDFA,PT Radana Bhaskara Finance Tbk.,Financing,Finance,Financial Institution
283,HDIT,PT Hensel Davest Indonesia Tbk.,General,"Trade, Services & Investment",Wholesale (Durable & Non-Durable Goods)
284,HDTX,PT Panasia Indo Resources Tbk.,General,Miscellaneous Industry,"Textile, Garment"
285,HEAL,PT Medikaloka Hermina Tbk.,General,"Trade, Services & Investment",Healthcare
286,HELI,PT Jaya Trishindo Tbk.,General,"Infrastructure, Utilities  And Transportation",Transportation
287,HERO,PT Hero Supermarket Tbk.,General,"Trade, Services & Investment",Retail Trade
288,HEXA,PT Hexindo Adiperkasa Tbk.,General,"Trade, Services & Investment",Wholesale (Durable & Non-Durable Goods)
289,HITS,PT Humpuss Intermoda Transportasi,Infrastruktur /,"Infrastructure, Utilities  And Transportation",Transportation
"",,Tbk.,Infrastructure,,
No,Kode,Nama Perusahaan,Entry Point,Sektor,Subsektor
290,HKMU,PT HK Metals Utama Tbk.,General,"Trade, Services & Investment",Wholesale (Durable & Non-Durable Goods)
291,HMSP,PT H.M. Sampoerna Tbk.,General,Consumer Goods Industry,Tobacco Manufacturers
292,HOKI,PT Buyung Poetra Sembada Tbk.,General,Consumer Goods Industry,Food And Beverages
293,HOME,PT Hotel Mandarine Regency Tbk.,General,"Trade, Services & Investment","Tourism, Restaurant And  Hotel"
294,HOTL,PT Saraswati Griya Lestari Tbk.,General,"Trade, Services & Investment","Tourism, Restaurant And  Hotel"
295,HRME,PT Menteng Heritage Realty Tbk.,General,"Trade, Services & Investment","Tourism, Restaurant And  Hotel"
296,HRTA,PT Hartadinata Abadi Tbk.,General,Consumer Goods Industry,Others
297,HRUM,PT Harum Energy Tbk.,General,Mining,Coal Mining
298,IATA,PT Indonesia Transport &,General,"Infrastructure, Utilities  And Transportation",Transportation
"",,Infrastructure Tbk.,,,
299,IBFN,PT Intan Baruprana Finance Tbk.,Financing,Finance,Financial Institution
300,IBST,PT Inti Bangun Sejahtera Tbk.,Infrastruktur /,"Infrastructure, Utilities  And Transportation",Non Building Construction
"",,,Infrastructure,,
301,ICBP,PT Indofood CBP Sukses Makmur Tbk.,General,Consumer Goods Industry,Food And Beverages
302,ICON,PT Island Concepts Indonesia Tbk.,General,"Trade, Services & Investment","Tourism, Restaurant And  Hotel"
303,IDPR,PT Indonesia Pondasi Raya Tbk.,Property,"Property, Real Estate And Building Construction",Building Construction
304,IFII,PT Indonesia Fibreboard Industry Tbk.,General,Basic Industry And Chemicals,Wood Industries
305,IFSH,PT Ifishdeco Tbk.,General,Mining,Metal And Mineral Mining
306,IGAR,PT Champion Pacific Indonesia Tbk.,General,Basic Industry And Chemicals,Plastics & Packaging
307,IIFF,PT Indonesia Infrastructure Finance,Financing,Finance,Financial Institution
308,IIKP,PT Inti Agri Resources Tbk.,General,Consumer Goods Industry,Food And Beverages
309,IKAI,PT Intikeramik Alamasri Industri Tbk.,General,"Trade, Services & Investment","Tourism, Restaurant And  Hotel"
310,IKAN,PT Era Mandiri Cemerlang Tbk.,General,Consumer Goods Industry,Food And Beverages
311,IKBI,PT Sumi Indo Kabel Tbk.,General,Miscellaneous Industry,Cable
312,IMAS,PT Indomobil Sukses Internasional,General,Miscellaneous Industry,Automotive And Components
"",,Tbk.,,,
313,IMFI,PT Indomobil Finance Indonesia,Financing,Finance,Financial Institution
314,IMJS,PT Indomobil Multi Jasa Tbk.,General,Finance,Financial Institution
315,IMPC,PT Impack Pratama Industri Tbk.,General,Basic Industry And Chemicals,Plastics & Packaging
316,INAF,PT Indofarma (Persero) Tbk.,General,Consumer Goods Industry,Pharmaceuticals
317,INAI,PT Indal Aluminium Industry Tbk.,General,Basic Industry And Chemicals,Metal And Allied Products
318,INCF,PT Indo Komoditi Korpora Tbk.,General,Basic Industry And Chemicals,Others
319,INCI,PT Intanwijaya International Tbk.,General,Basic Industry And Chemicals,Chemicals
320,INCO,PT Vale Indonesia Tbk.,General,Mining,Metal And Mineral Mining
321,INDF,PT Indofood Sukses Makmur Tbk.,General,Consumer Goods Industry,Food And Beverages
No,Kode,Nama Perusahaan,Entry Point,Sektor,Subsektor
322,INDO,PT Royalindo Investa Wijaya Tbk.,Property,"Property, Real Estate And Building Construction",Property And Real Estate
323,INDR,PT Indo-Rama Synthetics Tbk.,General,Miscellaneous Industry,"Textile, Garment"
324,INDS,PT Indospring Tbk.,General,Miscellaneous Industry,Automotive And Components
325,INDX,PT Tanah Laut Tbk.,General,"Trade, Services & Investment",Others
326,INDY,PT Indika Energy Tbk.,General,Mining,Coal Mining
327,INKP,PT Indah Kiat Pulp & Paper Tbk.,General,Basic Industry And Chemicals,Pulp & Paper
328,INOV,PT Inocycle Technology Group Tbk.,General,Basic Industry And Chemicals,Others
329,INPC,PT Bank Artha Graha Internasional,Financial and Sharia,Finance,Bank
"",,Tbk.,,,
330,INPP,PT Indonesian Paradise Property Tbk.,General,"Trade, Services & Investment","Tourism, Restaurant And  Hotel"
331,INPS,PT Indah Prakasa Sentosa Tbk.,General,"Trade, Services & Investment",Wholesale (Durable & Non-Durable Goods)
332,INRU,PT Toba Pulp Lestari Tbk.,General,Basic Industry And Chemicals,Pulp & Paper
333,INTA,PT Intraco Penta Tbk.,General,"Trade, Services & Investment",Wholesale (Durable & Non-Durable Goods)
334,INTD,PT Inter Delta Tbk.,General,"Trade, Services & Investment",Wholesale (Durable & Non-Durable Goods)
335,INTP,PT Indocement Tunggal Prakarsa Tbk.,General,Basic Industry And Chemicals,Cement
336,IPCC,PT Indonesia Kendaraan Terminal,Infrastruktur /,"Infrastructure, Utilities  And Transportation","Toll Road, Airport, Harbor And Allied Products"
"",,Tbk.,Infrastructure,,
337,IPCM,PT Jasa Armada Indonesia Tbk.,Infrastruktur /,"Infrastructure, Utilities  And Transportation",Transportation
"",,,Infrastructure,,
338,IPOL,PT Indopoly Swakarsa Industry Tbk.,General,Basic Industry And Chemicals,Plastics & Packaging
339,IPTV,PT MNC Vision Networks Tbk.,General,"Trade, Services & Investment","Advertising, Printing And Media"
340,IRRA,PT Itama Ranoraya Tbk.,General,"Trade, Services & Investment",Wholesale (Durable & Non-Durable Goods)
341,ISAT,PT Indosat Tbk.,Infrastruktur /,"Infrastructure, Utilities  And Transportation",Telecommunication
"",,,Infrastructure,,
342,ISSP,PT Steel Pipe Industry of Indonesia,General,Basic Industry And Chemicals,Metal And Allied Products
"",,Tbk.,,,
343,ITIC,PT Indonesian Tobacco Tbk.,General,Consumer Goods Industry,Tobacco Manufacturers
344,ITMA,PT Sumber Energi Andalan Tbk.,General,"Trade, Services & Investment",Others
345,ITMG,PT Indo Tambangraya Megah Tbk.,General,Mining,Coal Mining
346,JAST,PT Jasnita Telekomindo Tbk.,General,"Infrastructure, Utilities  And Transportation",Telecommunication
347,JAWA,PT Jaya Agra Wattie Tbk.,General,Agriculture,Plantation
348,JAYA,PT Armada Berjaya Trans Tbk.,Infrastruktur /,"Infrastructure, Utilities  And Transportation",Transportation
"",,,Infrastructure,,
349,JECC,PT Jembo Cable Company Tbk.,General,Miscellaneous Industry,Cable
350,JGLE,PT Graha Andrasenta Propertindo,Property,"Trade, Services & Investment","Tourism, Restaurant And  Hotel"
"",,Tbk.,,,
No,Kode,Nama Perusahaan,Entry Point,Sektor,Subsektor
351,JIHD,PT Jakarta International Hotels &,General,"Trade, Services & Investment","Tourism, Restaurant And  Hotel"
"",,Development Tbk.,,,
352,JKON,PT Jaya Konstruksi Manggala Pratama,Property,"Property, Real Estate And Building Construction",Building Construction
"",,Tbk.,,,
353,JKSW,PT Jakarta Kyoei Steel Works Tbk.,General,Basic Industry And Chemicals,Metal And Allied Products
354,JLBS,PT Jakarta Lingkar Barat Satu,Infrastruktur /,"Infrastructure, Utilities  And Transportation","Toll Road, Airport, Harbor And Allied Products"
"",,,Infrastructure,,
355,JMAS,PT Asuransi Jiwa Syariah Jasa Mitra,Financial and Sharia,Finance,Insurance
"",,Abadi Tbk.,,,
356,JPFA,PT Japfa Comfeed Indonesia Tbk.,General,Basic Industry And Chemicals,Animal Feed
357,JRPT,PT Jaya Real Property Tbk.,Property,"Property, Real Estate And Building Construction",Property And Real Estate
358,JSKY,PT Sky Energy Indonesia Tbk.,General,Miscellaneous Industry,Electronics
359,JSMR,PT Jasa Marga (Persero) Tbk.,Infrastruktur /,"Infrastructure, Utilities  And Transportation","Toll Road, Airport, Harbor And Allied Products"
"",,,Infrastructure,,
360,JSPT,PT Jakarta Setiabudi Internasional,General,"Trade, Services & Investment","Tourism, Restaurant And  Hotel"
"",,Tbk.,,,
361,JTPE,PT Jasuindo Tiga Perkasa Tbk.,General,"Trade, Services & Investment","Advertising, Printing And Media"
362,KAEF,PT Kimia Farma (Persero) Tbk.,General,Consumer Goods Industry,Pharmaceuticals
363,KAII,PT Kereta Api Indonesia (Persero),Infrastruktur /,"Infrastructure, Utilities  And Transportation",Transportation
"",,,Infrastructure,,
364,KARW,PT ICTSI Jasa Prima Tbk.,General,"Infrastructure, Utilities  And Transportation","Toll Road, Airport, Harbor And Allied Products"
365,KAYU,PT Darmi Bersaudara Tbk.,General,"Trade, Services & Investment",Wholesale (Durable & Non-Durable Goods)
366,KBLI,PT KMI Wire & Cable Tbk.,General,Miscellaneous Industry,Cable
367,KBLM,PT Kabelindo Murni Tbk.,General,Miscellaneous Industry,Cable
368,KBLV,PT First Media Tbk.,General,"Trade, Services & Investment","Advertising, Printing And Media"
369,KBRI,PT Kertas Basuki Rachmat Indonesia,General,Basic Industry And Chemicals,Pulp & Paper
"",,Tbk.,,,
370,KDSI,PT Kedawung Setia Industrial Tbk.,General,Basic Industry And Chemicals,Pulp & Paper
371,KEEN,PT Kencana Energi Lestari Tbk.,Infrastruktur /,"Infrastructure, Utilities  And Transportation",Energy
"",,,Infrastructure,,
372,KEHA,PT Bank KEB Hana Indonesia,Financial and Sharia,Finance,Bank
373,KEJU,PT Mulia Boga Raya Tbk.,General,Consumer Goods Industry,Food And Beverages
374,KIAS,PT Keramika Indonesia Assosiasi Tbk.,General,Basic Industry And Chemicals,"Ceramics, Glass, Porcelain"
375,KICI,PT Kedaung Indah Can Tbk.,General,Consumer Goods Industry,Houseware
376,KIJA,PT Kawasan Industri Jababeka Tbk.,Property,"Property, Real Estate And Building Construction",Property And Real Estate
377,KINO,PT Kino Indonesia Tbk.,General,Consumer Goods Industry,Cosmetics And Household
No,Kode,Nama Perusahaan,Entry Point,Sektor,Subsektor
378,KIOS,PT Kioson Komersial Indonesia Tbk.,General,"Trade, Services & Investment",Retail Trade
379,KJEN,PT Krida Jaringan Nusantara Tbk.,General,"Infrastructure, Utilities  And Transportation",Transportation
380,KKGI,PT Resource Alam Indonesia Tbk.,General,Mining,Coal Mining
381,KLBF,PT Kalbe Farma Tbk.,General,Consumer Goods Industry,Pharmaceuticals
382,KMTR,PT Kirana Megatara Tbk.,General,Basic Industry And Chemicals,Others
383,KOBX,PT Kobexindo Tractors Tbk.,General,"Trade, Services & Investment",Wholesale (Durable & Non-Durable Goods)
384,KOIN,PT Kokoh Inti Arebama Tbk.,General,"Trade, Services & Investment",Retail Trade
385,KONI,PT Perdana Bangun Pusaka Tbk.,General,"Trade, Services & Investment",Wholesale (Durable & Non-Durable Goods)
386,KOPI,PT Mitra Energi Persada Tbk.,General,"Infrastructure, Utilities  And Transportation",Energy
387,KOTA,PT DMS Propertindo Tbk.,Property,"Property, Real Estate And Building Construction",Property And Real Estate
388,KPAL,PT Steadfast Marine Tbk.,General,Miscellaneous Industry,Machinery And Heavy Equipment
389,KPAS,PT Cottonindo Ariesta Tbk.,General,Consumer Goods Industry,Cosmetics And Household
390,KPIG,PT MNC Land Tbk.,Property,"Trade, Services & Investment","Tourism, Restaurant And  Hotel"
391,KRAH,PT Grand Kartech Tbk.,General,Miscellaneous Industry,Machinery And Heavy Equipment
392,KRAS,PT Krakatau Steel (Persero) Tbk.,General,Basic Industry And Chemicals,Metal And Allied Products
393,KREN,PT Kresna Graha Investama Tbk.,Financial and Sharia,"Trade, Services & Investment",Investment Company
394,LAND,PT Trimitra Propertindo Tbk.,Property,"Property, Real Estate And Building Construction",Property And Real Estate
395,LAPD,PT Leyand International Tbk.,Infrastruktur /,"Infrastructure, Utilities  And Transportation",Energy
"",,,Infrastructure,,
396,LCGP,PT Eureka Prima Jakarta Tbk.,Property,"Property, Real Estate And Building Construction",Property And Real Estate
397,LCKM,PT LCK Global Kedaton Tbk.,Infrastruktur /,"Infrastructure, Utilities  And Transportation",Non Building Construction
"",,,Infrastructure,,
398,LEAD,PT Logindo Samudramakmur Tbk.,Infrastruktur /,"Infrastructure, Utilities  And Transportation",Transportation
"",,,Infrastructure,,
399,LIFE,PT Asuransi Jiwa Sinarmas MSIG Tbk.,Insurance,Finance,Insurance
400,LINK,PT Link Net Tbk.,General,"Trade, Services & Investment","Advertising, Printing And Media"
401,LION,PT Lion Metal Works Tbk.,General,Basic Industry And Chemicals,Metal And Allied Products
402,LMAS,PT Limas Indonesia Makmur Tbk.,General,"Trade, Services & Investment",Computer And Services
403,LMPI,PT Langgeng Makmur Industri Tbk.,General,Consumer Goods Industry,Houseware
404,LMSH,PT Lionmesh Prima Tbk.,General,Basic Industry And Chemicals,Metal And Allied Products
405,LPCK,PT Lippo Cikarang Tbk.,Property,"Property, Real Estate And Building Construction",Property And Real Estate
406,LPGI,PT Lippo General Insurance Tbk.,Insurance,Finance,Insurance
407,LPIN,PT Multi Prima Sejahtera Tbk.,General,Miscellaneous Industry,Automotive And Components
408,LPKR,PT Lippo Karawaci Tbk.,Property,"Property, Real Estate And Building Construction",Property And Real Estate
409,LPLI,PT Star Pacific Tbk.,General,"Trade, Services & Investment","Advertising, Printing And Media"
No,Kode,Nama Perusahaan,Entry Point,Sektor,Subsektor
410,LPPF,PT Matahari Department Store Tbk.,General,"Trade, Services & Investment",Retail Trade
411,LPPI,PT Lontar Papyrus Pulp & Paper,General,Basic Industry And Chemicals,Pulp & Paper
"",,Industry,,,
412,LPPS,PT Lippo Securities Tbk.,Securities,Finance,Others
413,LRNA,PT Eka Sari Lorena Transport Tbk.,Infrastruktur /,"Infrastructure, Utilities  And Transportation",Transportation
"",,,Infrastructure,,
414,LSIP,PT PP London Sumatra Indonesia Tbk.,General,Agriculture,Plantation
415,LTLS,PT Lautan Luas Tbk.,General,"Trade, Services & Investment",Wholesale (Durable & Non-Durable Goods)
416,LUCK,PT Sentral Mitra Informatika Tbk.,General,"Trade, Services & Investment",Computer And Services
417,MABA,PT Marga Abhinaya Abadi Tbk.,General,"Property, Real Estate And Building Construction",Property And Real Estate
418,MAGP,PT Multi Agro Gemilang Plantation,General,Agriculture,Plantation
"",,Tbk.,,,
419,MAIN,PT Malindo Feedmill Tbk.,General,Basic Industry And Chemicals,Animal Feed
420,MAMI,PT Mas Murni Indonesia Tbk.,General,"Trade, Services & Investment","Tourism, Restaurant And  Hotel"
421,MAPA,PT MAP Aktif Adiperkasa Tbk.,General,"Trade, Services & Investment",Retail Trade
422,MAPB,PT MAP Boga Adiperkasa Tbk.,General,"Trade, Services & Investment","Tourism, Restaurant And  Hotel"
423,MAPI,PT Mitra Adiperkasa Tbk.,General,"Trade, Services & Investment",Retail Trade
424,MARI,PT Mahaka Radio Integra Tbk.,General,"Trade, Services & Investment","Advertising, Printing And Media"
425,MARK,PT Mark Dynamics Tbk.,General,Basic Industry And Chemicals,"Ceramics, Glass, Porcelain"
426,MASA,PT Multistrada Arah Sarana Tbk.,General,Miscellaneous Industry,Automotive And Components
427,MAYA,PT Bank Mayapada Internasional Tbk.,Financial and Sharia,Finance,Bank
428,MBAP,PT Mitrabara Adiperdana Tbk.,General,Mining,Coal Mining
429,MBSS,PT Mitrabahtera Segara Sejati Tbk.,General,"Infrastructure, Utilities  And Transportation",Transportation
430,MBTO,PT Martina Berto Tbk.,General,Consumer Goods Industry,Cosmetics And Household
431,MCAS,PT M Cash Integrasi  Tbk.,General,"Trade, Services & Investment",Retail Trade
432,MCOR,PT Bank China Construction Bank,Financial and Sharia,Finance,Bank
"",,Indonesia Tbk.,,,
433,MDIA,PT Intermedia Capital Tbk.,General,"Trade, Services & Investment","Advertising, Printing And Media"
434,MDKA,PT Merdeka Copper Gold Tbk.,General,Mining,Metal And Mineral Mining
435,MDKI,PT Emdeki Utama Tbk.,General,Basic Industry And Chemicals,Chemicals
436,MDLN,PT Modernland Realty Tbk.,Property,"Property, Real Estate And Building Construction",Property And Real Estate
437,MDRN,PT Modern Internasional Tbk.,General,"Trade, Services & Investment",Wholesale (Durable & Non-Durable Goods)
438,MEDC,PT Medco Energi Internasional Tbk.,General,Mining,Crude Petroleum & Natural Gas Production
439,MEDP,PT Medco Power Indonesia,Infrastruktur /,"Infrastructure, Utilities  And Transportation",Energy
"",,,Infrastructure,,
No,Kode,Nama Perusahaan,Entry Point,Sektor,Subsektor
440,MEGA,PT Bank Mega Tbk.,Financial and Sharia,Finance,Bank
441,MERK,PT Merck Tbk.,General,Consumer Goods Industry,Pharmaceuticals
442,META,PT Nusantara Infrastructure Tbk.,Infrastruktur /,"Infrastructure, Utilities  And Transportation","Toll Road, Airport, Harbor And Allied Products"
"",,,Infrastructure,,
443,MFIN,PT Mandala Multifinance Tbk.,Financial and Sharia,Finance,Financial Institution
444,MFMI,PT Multifiling Mitra Indonesia Tbk.,General,"Trade, Services & Investment",Others
445,MGNA,PT Magna Investama Mandiri Tbk.,Financing,Consumer Goods Industry,Food And Beverages
446,MGRO,PT Mahkota Group Tbk.,General,Agriculture,Plantation
447,MICE,PT Multi Indocitra Tbk.,General,"Trade, Services & Investment",Wholesale (Durable & Non-Durable Goods)
448,MIDI,PT Midi Utama Indonesia Tbk.,General,"Trade, Services & Investment",Retail Trade
449,MIKA,PT Mitra Keluarga Karyasehat Tbk.,General,"Trade, Services & Investment",Healthcare
450,MINA,PT Sanurhasta Mitra Tbk.,Property,"Trade, Services & Investment","Tourism, Restaurant And  Hotel"
451,MIRA,PT Mitra International Resources Tbk.,Infrastruktur /,"Infrastructure, Utilities  And Transportation",Transportation
"",,,Infrastructure,,
452,MITI,PT Mitra Investindo Tbk.,General,Mining,Crude Petroleum & Natural Gas Production
453,MKNT,PT Mitra Komunikasi Nusantara Tbk.,General,"Trade, Services & Investment",Retail Trade
454,MKPI,PT Metropolitan Kentjana Tbk.,Property,"Property, Real Estate And Building Construction",Property And Real Estate
455,MLBI,PT Multi Bintang Indonesia Tbk.,General,Consumer Goods Industry,Food And Beverages
456,MLIA,PT Mulia Industrindo Tbk.,General,Basic Industry And Chemicals,"Ceramics, Glass, Porcelain"
457,MLJK,PT Marga Lingkar Jakarta Tbk.,Infrastruktur /,"Infrastructure, Utilities  And Transportation","Toll Road, Airport, Harbor And Allied Products"
"",,,Infrastructure,,
458,MLPL,PT Multipolar Tbk.,General,"Trade, Services & Investment",Investment Company
459,MLPT,PT Multipolar Technology Tbk.,General,"Trade, Services & Investment",Computer And Services
460,MMLP,PT Mega Manunggal Property Tbk.,Property,"Property, Real Estate And Building Construction",Property And Real Estate
461,MNCN,PT Media Nusantara Citra Tbk.,General,"Trade, Services & Investment","Advertising, Printing And Media"
462,MOLI,PT Madusari Murni Indah Tbk.,General,Basic Industry And Chemicals,Chemicals
463,MORA,PT Mora Telematika Indonesia,Infrastruktur /,"Infrastructure, Utilities  And Transportation",Telecommunication
"",,,Infrastructure,,
464,MPMF,PT Mitra Pinasthika Mustika Finance,Financing,Finance,Financial Institution
465,MPMX,PT Mitra Pinasthika Mustika Tbk.,General,"Trade, Services & Investment",Wholesale (Durable & Non-Durable Goods)
466,MPOW,PT Megapower Makmur Tbk.,General,"Infrastructure, Utilities  And Transportation",Energy
467,MPPA,PT Matahari Putra Prima Tbk.,General,"Trade, Services & Investment",Retail Trade
468,MPRO,PT Maha Properti Indonesia Tbk.,Property,"Property, Real Estate And Building Construction",Property And Real Estate
469,MRAT,PT Mustika Ratu Tbk.,General,Consumer Goods Industry,Cosmetics And Household
470,MREI,PT Maskapai Reasuransi Indonesia,Insurance,Finance,Insurance
No,Kode,Nama Perusahaan,Entry Point,Sektor,Subsektor
"",,Tbk.,,,
471,MSIN,PT MNC Studios International Tbk.,General,"Trade, Services & Investment","Advertising, Printing And Media"
472,MSKY,PT MNC Sky Vision Tbk.,General,"Trade, Services & Investment","Advertising, Printing And Media"
473,MTDL,PT Metrodata Electronics Tbk.,General,"Trade, Services & Investment",Computer And Services
474,MTFN,PT Capitalinc Investment Tbk.,General,Mining,Crude Petroleum & Natural Gas Production
475,MTLA,PT Metropolitan Land Tbk.,Property,"Property, Real Estate And Building Construction",Property And Real Estate
476,MTPS,PT Meta Epsi Tbk.,Infrastruktur /,"Infrastructure, Utilities  And Transportation",Non Building Construction
"",,,Infrastructure,,
477,MTRA,PT Mitra Pemuda Tbk.,Property,"Property, Real Estate And Building Construction",Building Construction
478,MTSM,PT Metro Realty Tbk.,Property,"Property, Real Estate And Building Construction",Property And Real Estate
479,MTWI,PT Malacca Trust Wuwungan,Insurance,Finance,Insurance
"",,Insurance Tbk.,,,
480,MYOH,PT Samindo Resources Tbk.,General,Mining,Coal Mining
481,MYOR,PT Mayora Indah Tbk.,General,Consumer Goods Industry,Food And Beverages
482,MYRX,PT Hanson International Tbk.,General,"Property, Real Estate And Building Construction",Property And Real Estate
483,MYTX,PT Asia Pacific Investama Tbk.,General,Miscellaneous Industry,"Textile, Garment"
484,NASA,PT Ayana Land International Tbk.,General,"Trade, Services & Investment","Tourism, Restaurant And  Hotel"
485,NATO,PT Nusantara Properti Internasional,General,"Trade, Services & Investment","Tourism, Restaurant And  Hotel"
"",,Tbk.,,,
486,NELY,PT Pelayaran Nelly Dwi Putri Tbk.,General,"Infrastructure, Utilities  And Transportation",Transportation
487,NFCX,PT NFC Indonesia Tbk.,General,"Trade, Services & Investment",Retail Trade
488,NICK,PT Charnic Capital Tbk.,Property,"Trade, Services & Investment",Investment Company
489,NIKL,PT Pelat Timah Nusantara Tbk.,General,Basic Industry And Chemicals,Metal And Allied Products
490,NIPS,PT Nipress Tbk.,General,Miscellaneous Industry,Automotive And Components
491,NIRO,PT City Retail Developments Tbk.,Property,"Property, Real Estate And Building Construction",Property And Real Estate
492,NISP,PT Bank OCBC NISP Tbk.,Financial and Sharia,Finance,Bank
493,NOBU,PT Bank Nationalnobu Tbk.,Financial and Sharia,Finance,Bank
494,NRCA,PT Nusa Raya Cipta Tbk.,General,"Property, Real Estate And Building Construction",Building Construction
495,NUSA,PT Sinergi Megah Internusa Tbk.,General,"Trade, Services & Investment","Tourism, Restaurant And  Hotel"
496,NZIA,PT Nusantara Almazia Tbk.,Property,"Property, Real Estate And Building Construction",Property And Real Estate
497,OASA,PT Protech Mitra Perkasa Tbk.,Infrastruktur /,"Infrastructure, Utilities  And Transportation",Non Building Construction
"",,,Infrastructure,,
498,OCAP,PT Onix Capital Tbk.,General,"Trade, Services & Investment",Healthcare
499,OKAS,PT Ancora Indonesia Resources Tbk.,General,"Trade, Services & Investment",Wholesale (Durable & Non-Durable Goods)
500,OMRE,PT Indonesia Prima Property Tbk.,Property,"Property, Real Estate And Building Construction",Property And Real Estate
No,Kode,Nama Perusahaan,Entry Point,Sektor,Subsektor
501,OPMS,PT Optima Prima Metal Sinergi Tbk.,General,"Trade, Services & Investment",Wholesale (Durable & Non-Durable Goods)
502,OTMA,PT Oto Multiartha,Financing,Finance,Financial Institution
503,PADI,PT Minna Padi Investama Sekuritas,Securities,Finance,Securities Company
"",,Tbk.,,,
504,PALM,PT Provident Agro Tbk.,General,Agriculture,Plantation
505,PAMG,PT Bima Sakti Pertiwi Tbk.,Property,"Property, Real Estate And Building Construction",Property And Real Estate
506,PANI,PT Pratama Abadi Nusa Industri Tbk.,General,Consumer Goods Industry,Food And Beverages
507,PANR,PT Panorama Sentrawisata Tbk.,General,"Trade, Services & Investment","Tourism, Restaurant And  Hotel"
508,PANS,PT Panin Sekuritas Tbk.,Securities,Finance,Securities Company
509,PBID,PT Panca Budi Idaman Tbk.,General,Basic Industry And Chemicals,Plastics & Packaging
510,PBRX,PT Pan Brothers Tbk.,General,Miscellaneous Industry,"Textile, Garment"
511,PBSA,PT Paramita Bangun Sarana Tbk.,Infrastruktur /,"Property, Real Estate And Building Construction",Building Construction
"",,,Infrastructure,,
512,PCAR,PT Prima Cakrawala Abadi Tbk.,General,Consumer Goods Industry,Food And Beverages
513,PDES,PT Destinasi Tirta Nusantara Tbk.,General,"Trade, Services & Investment","Tourism, Restaurant And  Hotel"
514,PEGE,PT Panca Global Kapital Tbk.,Securities,"Trade, Services & Investment",Investment Company
515,PEHA,PT Phapros Tbk.,General,Consumer Goods Industry,Pharmaceuticals
516,PGAS,PT Perusahaan Gas Negara Tbk.,Infrastruktur /,"Infrastructure, Utilities  And Transportation",Energy
"",,,Infrastructure,,
517,PGJO,PT Tourindo Guide Indonesia Tbk.,General,"Trade, Services & Investment","Tourism, Restaurant And  Hotel"
518,PGLI,PT Pembangunan Graha Lestari Indah,General,"Trade, Services & Investment","Tourism, Restaurant And  Hotel"
"",,Tbk.,,,
519,PICO,PT Pelangi Indah Canindo Tbk.,General,Basic Industry And Chemicals,Metal And Allied Products
520,PIGN,PT Pelabuhan Indonesia I (Persero),Infrastruktur /,"Infrastructure, Utilities  And Transportation","Toll Road, Airport, Harbor And Allied Products"
"",,,Infrastructure,,
521,PIHC,PT Pupuk Indonesia (Persero),General,Basic Industry And Chemicals,Chemicals
522,PIKI,PT Pelabuhan Indonesia IV (Persero),Infrastruktur /,"Infrastructure, Utilities  And Transportation","Toll Road, Airport, Harbor And Allied Products"
"",,,Infrastructure,,
523,PJAA,PT Pembangunan Jaya Ancol Tbk.,Property,"Trade, Services & Investment","Tourism, Restaurant And  Hotel"
524,PKPK,PT Perdana Karya Perkasa Tbk.,General,Mining,Crude Petroleum & Natural Gas Production
525,PLAS,PT Polaris Investama Tbk.,General,"Trade, Services & Investment",Investment Company
526,PLIN,PT Plaza Indonesia Realty Tbk.,Property,"Property, Real Estate And Building Construction",Property And Real Estate
527,PMJS,PT Putra Mandiri Jembar Tbk.,General,"Trade, Services & Investment",Wholesale (Durable & Non-Durable Goods)
528,PNBN,PT Bank Pan Indonesia Tbk.,Financial and Sharia,Finance,Bank
529,PNBS,PT Bank Panin Dubai Syariah Tbk.,Financial and Sharia,Finance,Bank
530,PNIN,PT Paninvest Tbk.,Insurance,Finance,Others
No,Kode,Nama Perusahaan,Entry Point,Sektor,Subsektor
531,PNLF,PT Panin Financial Tbk.,Insurance,Finance,Others
532,PNMP,PT Permodalan Nasional Madani,Financing,Finance,Financial Institution
"",,(Persero),,,
533,PNSE,PT Pudjiadi & Sons Tbk.,General,"Trade, Services & Investment","Tourism, Restaurant And  Hotel"
534,POLA,PT Pool Advista Finance Tbk.,Financing,Finance,Financial Institution
535,POLI,PT Pollux Investasi Internasonal Tbk.,Property,"Property, Real Estate And Building Construction",Property And Real Estate
536,POLL,PT Pollux Properti Indonesia Tbk.,Property,"Property, Real Estate And Building Construction",Property And Real Estate
537,POLU,PT Golden Flower Tbk.,General,Miscellaneous Industry,"Textile, Garment"
538,POLY,PT Asia Pacific Fibers Tbk.,General,Miscellaneous Industry,"Textile, Garment"
539,POOL,PT Pool Advista Indonesia Tbk.,General,"Trade, Services & Investment",Investment Company
540,PORT,PT Nusantara Pelabuhan Handal Tbk.,Infrastruktur /,"Infrastructure, Utilities  And Transportation",Transportation
"",,,Infrastructure,,
541,POSA,PT Bliss Properti Indonesia Tbk.,Property,"Property, Real Estate And Building Construction",Property And Real Estate
542,POWR,PT Cikarang Listrindo Tbk.,Infrastruktur /,"Infrastructure, Utilities  And Transportation",Energy
"",,,Infrastructure,,
543,PPGD,PT Pegadaian (Persero),Financing,Finance,Financial Institution
544,PPLN,PT Perusahaan Listrik Negara,Infrastruktur /,"Infrastructure, Utilities  And Transportation",Energy
"",,(Persero),Infrastructure,,
545,PPRE,PT PP Presisi Tbk.,Infrastruktur /,"Infrastructure, Utilities  And Transportation",Non Building Construction
"",,,Infrastructure,,
546,PPRO,PT PP Properti Tbk.,Property,"Property, Real Estate And Building Construction",Property And Real Estate
547,PRAS,PT Prima Alloy Steel Universal Tbk.,General,Miscellaneous Industry,Automotive And Components
548,PRDA,PT Prodia Widyahusada Tbk.,General,"Trade, Services & Investment",Healthcare
549,PRIM,PT Royal Prima Tbk.,General,"Trade, Services & Investment",Healthcare
550,PRTL,PT Profesional Telekomunikasi,Infrastruktur /,"Infrastructure, Utilities  And Transportation",Non Building Construction
"",,Indonesia,Infrastructure,,
551,PSAB,PT J Resources Asia Pasifik Tbk.,General,Mining,Metal And Mineral Mining
552,PSDN,PT Prasidha Aneka Niaga Tbk.,General,Consumer Goods Industry,Food And Beverages
553,PSGO,PT Palma Serasih Tbk.,General,Consumer Goods Industry,Food And Beverages
554,PSKT,PT Red Planet Indonesia Tbk.,Property,"Trade, Services & Investment","Tourism, Restaurant And  Hotel"
555,PSSI,PT Pelita Samudera Shipping Tbk.,General,"Infrastructure, Utilities  And Transportation",Transportation
556,PTBA,PT Tambang Batubara Bukit Asam,General,Mining,Coal Mining
"",,Tbk.,,,
557,PTHK,PT Hutama Karya (Persero),General,"Infrastructure, Utilities  And Transportation",Non Building Construction
558,PTIS,PT Indo Straits Tbk.,Infrastruktur /,"Infrastructure, Utilities  And Transportation",Transportation
"",,,Infrastructure,,
No,Kode,Nama Perusahaan,Entry Point,Sektor,Subsektor
559,PTPP,PT PP (Persero) Tbk.,Infrastruktur /,"Property, Real Estate And Building Construction",Building Construction
"",,,Infrastructure,,
560,PTPW,PT Pratama Widya Tbk.,General,"Infrastructure, Utilities  And Transportation",Non Building Construction
561,PTRO,PT Petrosea Tbk.,General,Mining,Coal Mining
562,PTSN,PT Sat Nusapersada Tbk.,General,Miscellaneous Industry,Electronics
563,PTSP,PT Pioneerindo Gourmet,General,"Trade, Services & Investment","Tourism, Restaurant And  Hotel"
"",,International Tbk.,,,
564,PUDP,PT Pudjiadi Prestige Tbk.,Property,"Trade, Services & Investment","Tourism, Restaurant And  Hotel"
565,PURA,PT Putra Rajawali Kencana Tbk.,Infrastruktur /,"Infrastructure, Utilities  And Transportation",Transportation
"",,,Infrastructure,,
566,PURE,PT Trinitan Metals And Minerals Tbk.,General,Basic Industry And Chemicals,Metal And Allied Products
567,PWON,PT Pakuwon Jati Tbk.,General,"Property, Real Estate And Building Construction",Property And Real Estate
568,PYFA,PT Pyridam Farma Tbk.,General,Consumer Goods Industry,Pharmaceuticals
569,PZZA,PT Sarimelati Kencana Tbk.,General,"Trade, Services & Investment","Tourism, Restaurant And  Hotel"
570,RAJA,PT Rukun Raharja Tbk.,General,"Infrastructure, Utilities  And Transportation",Energy
571,RALS,PT Ramayana Lestari Sentosa Tbk.,General,"Trade, Services & Investment",Retail Trade
572,RANC,PT Supra Boga Lestari Tbk.,General,"Trade, Services & Investment",Retail Trade
573,RBMS,PT Ristia Bintang Mahkotasejati Tbk.,Property,"Property, Real Estate And Building Construction",Property And Real Estate
574,RDTX,PT Roda Vivatex Tbk.,Property,"Property, Real Estate And Building Construction",Property And Real Estate
575,REAL,PT Repower Asia Indonesia Tbk.,Property,"Property, Real Estate And Building Construction",Property And Real Estate
576,RELI,PT Reliance Sekuritas Indonesia Tbk.,Securities,Finance,Securities Company
577,RICY,PT Ricky Putra Globalindo Tbk.,General,Miscellaneous Industry,"Textile, Garment"
578,RIGS,PT Rig Tenders Indonesia Tbk.,Infrastruktur /,"Infrastructure, Utilities  And Transportation",Transportation
"",,,Infrastructure,,
579,RIMO,PT Rimo International Lestari Tbk.,General,"Property, Real Estate And Building Construction",Property And Real Estate
580,RISE,PT Jaya Sukses Makmur Sentosa Tbk.,Property,"Property, Real Estate And Building Construction",Property And Real Estate
581,RMBA,PT Bentoel Internasional Investama,General,Consumer Goods Industry,Tobacco Manufacturers
"",,Tbk.,,,
582,RODA,PT Pikko Land Development Tbk.,Property,"Property, Real Estate And Building Construction",Property And Real Estate
583,ROTI,PT Nippon Indosari Corpindo Tbk.,General,Consumer Goods Industry,Food And Beverages
584,RUIS,PT Radiant Utama Interinsco Tbk.,General,Mining,Crude Petroleum & Natural Gas Production
585,SAFE,PT Steady Safe Tbk.,Infrastruktur /,"Infrastructure, Utilities  And Transportation",Transportation
"",,,Infrastructure,,
586,SAME,PT Sarana Meditama Metropolitan,General,"Trade, Services & Investment",Healthcare
"",,Tbk.,,,
587,SANF,PT Surya Artha Nusantara Finance,Financing,Finance,Financial Institution
No,Kode,Nama Perusahaan,Entry Point,Sektor,Subsektor
588,SAPX,PT Satria Antaran Prima Tbk.,General,"Infrastructure, Utilities  And Transportation",Transportation
589,SATU,PT Kota Satu Properti Tbk.,Property,"Property, Real Estate And Building Construction",Property And Real Estate
590,SCBD,PT Danayasa Arthatama Tbk.,Property,"Property, Real Estate And Building Construction",Property And Real Estate
591,SCCO,PT Supreme Cable Manufacturing &,General,Miscellaneous Industry,Cable
"",,Commerce Tbk.,,,
592,SCMA,PT Surya Citra Media Tbk.,General,"Trade, Services & Investment","Advertising, Printing And Media"
593,SCPI,PT Merck Sharp Dohme Pharma Tbk.,General,Consumer Goods Industry,Pharmaceuticals
594,SDMU,PT Sidomulyo Selaras Tbk.,General,"Infrastructure, Utilities  And Transportation",Transportation
595,SDPC,PT Millennium Pharmacon,General,"Trade, Services & Investment",Wholesale (Durable & Non-Durable Goods)
"",,International Tbk.,,,
596,SDRA,PT Bank Woori Saudara Indonesia,Financial and Sharia,Finance,Bank
"",,1906 Tbk.,,,
597,SFAN,PT Surya Fajar Capital Tbk.,Financial and Sharia,"Trade, Services & Investment",Others
598,SGRO,PT Sampoerna Agro Tbk.,General,Agriculture,Plantation
599,SHID,PT Hotel Sahid Jaya International Tbk.,General,"Trade, Services & Investment","Tourism, Restaurant And  Hotel"
600,SHIP,PT Sillo Maritime Perdana Tbk.,Infrastruktur /,"Infrastructure, Utilities  And Transportation",Transportation
"",,,Infrastructure,,
601,SIDO,PT Industri Jamu dan Farmasi Sido,General,Consumer Goods Industry,Pharmaceuticals
"",,Muncul Tbk.,,,
602,SILO,PT Siloam International Hospitals Tbk.,General,"Trade, Services & Investment",Healthcare
603,SIMA,PT Siwani Makmur Tbk.,General,"Trade, Services & Investment",Others
604,SIMP,PT Salim Ivomas Pratama Tbk.,General,Agriculture,Plantation
605,SINI,PT Singaraja Putra Tbk.,General,Basic Industry And Chemicals,Wood Industries
606,SIPD,PT Sierad Produce Tbk.,General,Basic Industry And Chemicals,Animal Feed
607,SKBM,PT Sekar Bumi Tbk.,General,Consumer Goods Industry,Food And Beverages
608,SKLT,PT Sekar Laut Tbk.,General,Consumer Goods Industry,Food And Beverages
609,SKRN,PT Superkrane Mitra Utama Tbk.,Property,"Property, Real Estate And Building Construction",Building Construction
610,SKYB,PT Northcliff Citranusa Indonesia Tbk.,General,"Trade, Services & Investment",Retail Trade
"",,Tbk.,,,
611,SLIS,PT Gaya Abadi Sempurna Tbk.,General,Miscellaneous Industry,Electronics
612,SMAR,PT Sinar Mas Agro Resources and,General,Agriculture,Plantation
"",,Technology Tbk.,,,
613,SMBR,PT Semen Baturaja (Persero) Tbk.,General,Basic Industry And Chemicals,Cement
614,SMCB,PT Solusi Bangun Indonesia Tbk.,General,Basic Industry And Chemicals,Cement
615,SMDM,PT Suryamas Dutamakmur Tbk.,Property,"Property, Real Estate And Building Construction",Property And Real Estate
616,SMDR,PT Samudera Indonesia Tbk.,Infrastruktur /,"Infrastructure, Utilities  And Transportation",Transportation
No,Kode,Nama Perusahaan,Entry Point,Sektor,Subsektor
"",,,Infrastructure,,
617,SMFP,PT Sarana Multigriya Finansial,Financing,Finance,Financial Institution
"",,(Persero),,,
618,SMGR,PT Semen Indonesia (Persero) Tbk.,General,Basic Industry And Chemicals,Cement
619,SMII,PT Sarana Multi Infrastruktur,Financing,Finance,Financial Institution
"",,(Persero),,,
620,SMKL,PT Satyamitra Kemas Lestari Tbk.,General,Basic Industry And Chemicals,Plastics & Packaging
621,SMMA,PT Sinarmas Multiartha Tbk.,General,Finance,Others
622,SMMF,PT Sinarmas Multi Finance,Financing,Finance,Financial Institution
623,SMMT,PT Golden Eagle Energy Tbk.,General,Mining,Coal Mining
624,SMRA,PT Summarecon Agung Tbk.,Property,"Property, Real Estate And Building Construction",Property And Real Estate
625,SMRU,PT SMR Utama Tbk.,General,Mining,Coal Mining
626,SMSM,PT Selamat Sempurna Tbk.,General,Miscellaneous Industry,Automotive And Components
627,SOCI,PT Soechi Lines Tbk.,Infrastruktur /,"Infrastructure, Utilities  And Transportation",Transportation
"",,,Infrastructure,,
628,SONA,PT Sona Topas Tourism Industry Tbk.,General,"Trade, Services & Investment",Retail Trade
629,SOSS,PT Shield On Service Tbk.,General,"Trade, Services & Investment",Others
630,SOTS,PT Satria Mega Kencana Tbk.,Property,"Trade, Services & Investment","Tourism, Restaurant And  Hotel"
631,SPMA,PT Suparma Tbk.,General,Basic Industry And Chemicals,Pulp & Paper
632,SPTO,PT Surya Pertiwi Tbk.,General,"Trade, Services & Investment",Wholesale (Durable & Non-Durable Goods)
633,SQMI,PT Renuka Coalindo Tbk.,General,"Trade, Services & Investment",Wholesale (Durable & Non-Durable Goods)
634,SRAJ,PT Sejahteraraya Anugrahjaya Tbk.,General,"Trade, Services & Investment",Healthcare
635,SRIL,PT Sri Rejeki Isman Tbk.,General,Miscellaneous Industry,"Textile, Garment"
636,SRSN,PT Indo Acidatama Tbk.,General,Basic Industry And Chemicals,Chemicals
637,SRTG,PT Saratoga Investama Sedaya Tbk.,Financial and Sharia,"Trade, Services & Investment",Investment Company
638,SSIA,PT Surya Semesta Internusa Tbk.,Infrastruktur /,"Property, Real Estate And Building Construction",Building Construction
"",,,Infrastructure,,
639,SSMM,PT Sumberdaya Sewatama,Infrastruktur /,"Infrastructure, Utilities  And Transportation",Energy
"",,,Infrastructure,,
640,SSMS,PT Sawit Sumbermas Sarana Tbk.,General,Agriculture,Plantation
641,SSTM,PT Sunson Textile Manufacturer Tbk.,General,Miscellaneous Industry,"Textile, Garment"
642,STAR,PT Star Petrochem Tbk.,General,Miscellaneous Industry,"Textile, Garment"
643,STTP,PT Siantar Top Tbk.,General,Consumer Goods Industry,Food And Beverages
644,SUGI,PT Sugih Energy Tbk.,General,"Trade, Services & Investment",Wholesale (Durable & Non-Durable Goods)
645,SULI,PT SLJ Global Tbk.,General,Basic Industry And Chemicals,Wood Industries
No,Kode,Nama Perusahaan,Entry Point,Sektor,Subsektor
646,SUPR,PT Solusi Tunas Pratama Tbk.,Infrastruktur /,"Infrastructure, Utilities  And Transportation",Non Building Construction
"",,,Infrastructure,,
647,SURE,PT Super Energy Tbk.,General,Mining,Crude Petroleum & Natural Gas Production
648,SWAT,PT Sriwahana Adityakarta Tbk.,General,Basic Industry And Chemicals,Pulp & Paper
649,TALF,PT Tunas Alfin Tbk.,General,Basic Industry And Chemicals,Plastics & Packaging
650,TAMA,PT Lancartama Sejati Tbk.,Infrastruktur /,"Property, Real Estate And Building Construction",Building Construction
"",,,Infrastructure,,
651,TAMU,PT Pelayaran Tamarin Samudra Tbk.,Infrastruktur /,"Infrastructure, Utilities  And Transportation",Transportation
"",,,Infrastructure,,
652,TARA,PT Sitara Propertindo Tbk.,Property,"Property, Real Estate And Building Construction",Property And Real Estate
653,TAXI,PT Express Transindo Utama Tbk.,Infrastruktur /,"Infrastructure, Utilities  And Transportation",Transportation
"",,,Infrastructure,,
654,TBIG,PT Tower Bersama Infrastructure Tbk.,Infrastruktur /,"Infrastructure, Utilities  And Transportation",Non Building Construction
"",,,Infrastructure,,
655,TBLA,PT Tunas Baru Lampung Tbk.,General,Consumer Goods Industry,Food And Beverages
656,TBMS,PT Tembaga Mulia Semanan Tbk.,General,Basic Industry And Chemicals,Metal And Allied Products
657,TCID,PT Mandom Indonesia Tbk.,Property,Consumer Goods Industry,Cosmetics And Household
658,TCPI,PT Transcoal Pacific Tbk.,Infrastruktur /,"Infrastructure, Utilities  And Transportation",Transportation
"",,,Infrastructure,,
659,TDPM,PT Tridomain Performance Materials,General,Basic Industry And Chemicals,Chemicals
"",,Tbk.,,,
660,TEBE,PT Dana Brata Luhur Tbk.,Infrastruktur /,"Infrastructure, Utilities  And Transportation","Toll Road, Airport, Harbor And Allied Products"
"",,,Infrastructure,,
661,TELE,PT Tiphone Mobile Indonesia Tbk.,General,"Trade, Services & Investment",Retail Trade
662,TFAS,PT Telefast Indonesia Tbk.,General,"Trade, Services & Investment",Wholesale (Durable & Non-Durable Goods)
663,TFCO,PT Tifico Fiber Indonesia Tbk.,General,Miscellaneous Industry,"Textile, Garment"
664,TGKA,PT Tigaraksa Satria Tbk.,General,"Trade, Services & Investment",Wholesale (Durable & Non-Durable Goods)
665,TGRA,PT Terregra Asia Energy Tbk.,Infrastruktur /,"Infrastructure, Utilities  And Transportation",Energy
"",,,Infrastructure,,
666,TIFA,PT Tifa Finance Tbk.,Financing,Finance,Financial Institution
667,TINS,PT Timah Tbk.,General,Mining,Metal And Mineral Mining
668,TIRA,PT Tira Austenite Tbk.,General,"Trade, Services & Investment",Wholesale (Durable & Non-Durable Goods)
669,TIRT,PT Tirta Mahakam Resources Tbk.,General,Basic Industry And Chemicals,Wood Industries
670,TKIM,PT Pabrik Kertas Tjiwi Kimia Tbk.,General,Basic Industry And Chemicals,Pulp & Paper
671,TLKM,PT Telekomunikasi Indonesia,Infrastruktur /,"Infrastructure, Utilities  And Transportation",Telecommunication
"",,(Persero) Tbk.,Infrastructure,,
No,Kode,Nama Perusahaan,Entry Point,Sektor,Subsektor
672,TMAS,PT Temas Tbk.,Infrastruktur /,"Infrastructure, Utilities  And Transportation",Transportation
"",,,Infrastructure,,
673,TMPO,PT Tempo Intimedia Tbk.,General,"Trade, Services & Investment","Advertising, Printing And Media"
674,TNCA,PT Trimuda Nuansa Citra Tbk.,General,"Infrastructure, Utilities  And Transportation",Transportation
675,TOBA,PT Toba Bara Sejahtra Tbk.,General,Mining,Coal Mining
676,TOPS,PT Totalindo Eka Persada Tbk. Tbk.,Infrastruktur /,"Property, Real Estate And Building Construction",Building Construction
"",,,Infrastructure,,
677,TOTL,PT Total Bangun Persada Tbk.,Property,"Property, Real Estate And Building Construction",Building Construction
678,TOTO,PT Surya Toto Indonesia Tbk.,General,Basic Industry And Chemicals,"Ceramics, Glass, Porcelain"
679,TOWR,PT Sarana Menara Nusantara Tbk.,Infrastruktur /,"Infrastructure, Utilities  And Transportation",Non Building Construction
"",,,Infrastructure,,
680,TPIA,PT Chandra Asri Petrochemical Tbk.,General,Basic Industry And Chemicals,Chemicals
681,TPMA,PT Trans Power Marine Tbk.,Infrastruktur /,"Infrastructure, Utilities  And Transportation",Transportation
"",,,Infrastructure,,
682,TRAC,PT Serasi Autoraya,General,"Infrastructure, Utilities  And Transportation",Transportation
683,TRAM,PT Trada Alam Minera Tbk.,Infrastruktur /,Mining,Coal Mining
"",,,Infrastructure,,
684,TRIL,PT Triwira Insanlestari Tbk.,Infrastruktur /,"Trade, Services & Investment",Wholesale (Durable & Non-Durable Goods)
"",,,Infrastructure,,
685,TRIM,PT Trimegah Sekuritas Indonesia Tbk.,Securities,Finance,Securities Company
686,TRIN,PT Perintis Triniti Properti Tbk.,Property,"Property, Real Estate And Building Construction",Property And Real Estate
687,TRIO,PT Trikomsel Oke Tbk.,General,"Trade, Services & Investment",Retail Trade
688,TRIS,PT Trisula International Tbk.,General,Miscellaneous Industry,"Textile, Garment"
689,TRST,PT Trias Sentosa Tbk.,General,Basic Industry And Chemicals,Plastics & Packaging
690,TRUK,PT Guna Timur Raya Tbk.,General,"Infrastructure, Utilities  And Transportation",Transportation
691,TRUS,PT Trust Finance Indonesia Tbk.,Financing,Finance,Financial Institution
692,TSPC,PT Tempo Scan Pacific Tbk.,General,Consumer Goods Industry,Pharmaceuticals
693,TUFI,PT Mandiri Tunas Finance,Financing,Finance,Financial Institution
694,TUGU,PT Asuransi Tugu Pratama Indonesia,Insurance,Finance,Insurance
"",,Tbk.,,,
695,TURI,PT Tunas Ridean Tbk.,General,"Trade, Services & Investment",Wholesale (Durable & Non-Durable Goods)
696,UCID,PT Uni-Charm Indonesia Tbk.,General,Miscellaneous Industry,"Textile, Garment"
697,ULTJ,PT Ultra Jaya Milk Industry & Trading,General,Consumer Goods Industry,Food And Beverages
"",,Company Tbk.,,,
698,UNIC,PT Unggul Indah Cahaya Tbk.,General,Basic Industry And Chemicals,Chemicals
699,UNIT,PT Nusantara Inti Corpora Tbk.,General,Miscellaneous Industry,"Textile, Garment"
No,Kode,Nama Perusahaan,Entry Point,Sektor,Subsektor
700,UNSP,PT Bakrie Sumatera Plantations Tbk.,General,Agriculture,Plantation
701,UNTR,PT United Tractors Tbk.,General,"Trade, Services & Investment",Wholesale (Durable & Non-Durable Goods)
702,UNVR,PT Unilever Indonesia Tbk.,General,Consumer Goods Industry,Cosmetics And Household
703,URBN,PT Urban Jakarta Propertindo Tbk.,Property,"Property, Real Estate And Building Construction",Property And Real Estate
704,VICO,PT Victoria Investama Tbk.,General,Finance,Others
705,VINS,PT Victoria Insurance Tbk.,Insurance,Finance,Insurance
706,VIVA,PT Visi Media Asia Tbk.,General,"Trade, Services & Investment","Advertising, Printing And Media"
707,VOKS,PT Voksel Electric Tbk.,General,Miscellaneous Industry,Cable
708,VRNA,PT Verena Multi Finance Tbk.,Financing,Finance,Financial Institution
709,WAPO,PT Wahana Pronatural Tbk.,General,"Trade, Services & Investment",Wholesale (Durable & Non-Durable Goods)
710,WEGE,PT Wijaya Karya Bangunan Gedung,General,"Property, Real Estate And Building Construction",Building Construction
"",,Tbk.,,,
711,WEHA,PT WEHA Transportasi Indonesia Tbk.,Infrastruktur /,"Infrastructure, Utilities  And Transportation",Transportation
"",,,Infrastructure,,
712,WICO,PT Wicaksana Overseas International,General,"Trade, Services & Investment",Wholesale (Durable & Non-Durable Goods)
"",,Tbk.,,,
713,WIIM,PT Wismilak Inti Makmur Tbk.,General,Consumer Goods Industry,Tobacco Manufacturers
714,WIKA,PT Wijaya Karya (Persero) Tbk.,Infrastruktur /,"Property, Real Estate And Building Construction",Building Construction
"",,,Infrastructure,,
715,WINS,PT Wintermar Offshore Marine Tbk.,Infrastruktur /,"Infrastructure, Utilities  And Transportation",Transportation
"",,,Infrastructure,,
716,WOMF,PT Wahana Ottomitra Multiartha Tbk.,Financing,Finance,Financial Institution
717,WOOD,PT Integra Indocabinet Tbk.,General,Consumer Goods Industry,Houseware
718,WOWS,PT Ginting Jaya Energi Tbk.,General,Mining,Crude Petroleum & Natural Gas Production
719,WSBP,PT Waskita Beton Precast Tbk.,General,Basic Industry And Chemicals,Cement
720,WSKT,PT Waskita Karya (Persero) Tbk.,Infrastruktur /,"Property, Real Estate And Building Construction",Building Construction
"",,,Infrastructure,,
721,WTON,PT Wijaya Karya Beton Tbk.,General,Basic Industry And Chemicals,Cement
722,YELO,PT Yelooo Integra Datanet Tbk.,General,"Trade, Services & Investment",Others
723,YPAS,PT Yanaprima Hastapersada Tbk.,General,Basic Industry And Chemicals,Plastics & Packaging
724,YULE,PT Yulie Sekuritas Indonesia Tbk.,Securities,Finance,Securities Company
725,ZBRA,PT Zebra Nusantara Tbk.,General,"Trade, Services & Investment",Wholesale (Durable & Non-Durable Goods)
726,ZINC,PT Kapuas Prima Coal Tbk.,General,Mining,Metal And Mineral Mining
727,ZONE,PT Mega Perintis Tbk.,General,Miscellaneous Industry,"Textile, Garment"
