,symbol,longName,shortName,sector,industry,previousClose,sharesOutstanding,marketCap
0,AALI.JK,PT Astra Agro Lestari Tbk,Astra Agro Lestari Tbk.,Consumer Defensive,Farm Products,10300,1924690048,19439370108928
1,ABBA.JK,PT Mahaka Media Tbk,Mahaka Media Tbk.,Communication Services,Publishing,224,2755120128,622657142784
2,ABDA.JK,PT Asuransi Bina Dana Arta Tbk,Asuransi Bina Dana Arta Tbk.,Financial Services,Insurance—Property & Casualty,7050,35373600,4376689115136
3,ABMM.JK,PT ABM Investama Tbk,ABM Investama Tbk.,Energy,Thermal Coal,780,2753169920,2175004180480
4,ACES.JK,PT Ace Hardware Indonesia Tbk,Ace Hardware Indonesia Tbk.,Consumer Cyclical,Specialty Retail,1565,17087599616,25973152022528
5,ACST.JK,PT Acset Indonusa Tbk,Acset Indonusa Tbk.,Industrials,Engineering & Construction,306,6425160192,1966099005440
6,ADES.JK,PT Akasha Wira International Tbk,Akasha Wira International Tbk.,Consumer Defensive,Beverages—Non-Alcoholic,1700,589897024,1002824925184
7,ADHI.JK,PT Adhi Karya (Persero) Tbk,Adhi Karya (Persero) Tbk.,Industrials,Engineering & Construction,1050,3560849920,3810109423616
8,ADMF.JK,PT Adira Dinamika Multi Finance Tbk,Adira Dinamika Multi Finance Tb,Financial Services,Credit Services,8325,1000000000,8349999955968
9,ADMG.JK,PT. Polychem Indonesia Tbk,Polychem Indonesia Tbk,Basic Materials,Specialty Chemicals,171,3889179904,696163172352
10,ADRO.JK,PT Adaro Energy Tbk,Adaro Energy Tbk.,Energy,Thermal Coal,1220,31985999872,38862990606336
11,AGAR.JK,PT Asia Sejahtera Mina Tbk,Asia Sejahtera Mina Tbk.,Consumer Defensive,Farm Products,362,1000000000,363999985664
12,AGII.JK,PT Aneka Gas Industri Tbk,Aneka Gas Industri Tbk.,Basic Materials,Chemicals,1020,3043660032,3195843117056
13,AGRO.JK,PT Bank Rakyat Indonesia Agroniaga Tbk,Bank Rakyat Indonesia Agroniaga,Financial Services,Banks—Regional,1040,21343299584,22410464067584
14,AGRS.JK,PT Bank IBK Indonesia Tbk,Bank IBK Indonesia Tbk.,Financial Services,Banks—Regional,338,11205799936,4190969266176
15,AHAP.JK,PT Asuransi Harta Aman Pratama Tbk,Asuransi Harta Aman Pratama Tbk,Financial Services,Insurance—Property & Casualty,72,2940000000,217560006656
16,AIMS.JK,PT Akbar Indo Makmur Stimec Tbk,Akbar Indo Makmur Stimec Tbk,Energy,Thermal Coal,266,220000000,58519998464
17,AISA.JK,PT FKS Food Sejahtera Tbk,FKS Food Sejahtera Tbk.,Consumer Defensive,Packaged Foods,302,135000000,610775990272
18,AKKU.JK,PT Anugerah Kagum Karya Utama Tbk,Anugerah Kagum Karya Utama Tbk.,Real Estate,Real Estate Services,50,6449460224,322473000960
19,AKPI.JK,PT Argha Karya Prima Industry Tbk,Argha Karya Prima Industry Tbk.,Consumer Cyclical,Packaging & Containers,454,612248000,277960589312
20,AKRA.JK,PT AKR Corporindo Tbk,AKR Corporindo Tbk.,Energy,Oil & Gas Refining & Marketing,3240,3947429888,12908095340544
21,AKSI.JK,PT Maming Enam Sembilan Mineral Tbk,Maming Enam Sembilan Mineral Tb,Financial Services,Capital Markets,745,720000000,532800012288
22,ALDO.JK,PT Alkindo Naratama Tbk,Alkindo Naratama Tbk.,Basic Materials,Paper & Paper Products,464,1090870016,506163691520
23,ALKA.JK,PT Alakasa Industrindo Tbk,Alakasa Industrindo Tbk,Basic Materials,Aluminum,238,507664992,120824266752
24,ALMI.JK,PT Alumindo Light Metal Industry Tbk,Alumindo Light Metal Industry T,Basic Materials,Aluminum,230,616000000,140448006144
25,ALTO.JK,PT Tri Banyan Tirta Tbk,Tri Banyan Tirta Tbk.,Consumer Defensive,Beverages—Non-Alcoholic,366,2191869952,749619511296
26,AMAG.JK,P.T. Asuransi Multi Artha Guna Tbk,Asuransi Multi Artha Guna Tbk.,Financial Services,Insurance—Diversified,262,5001549824,1340415410176
27,AMAR.JK,PT Bank Amar Indonesia Tbk,Bank Amar Indonesia Tbk.,Financial Services,Banks—Regional,306,8035100160,2892636094464
28,AMFG.JK,PT Asahimas Flat Glass Tbk,Asahimas Flat Glass Tbk.,Industrials,Building Products & Equipment,3690,434000000,1627500052480
29,AMIN.JK,PT Ateliers Mecaniques D'Indonesie Tbk,Ateliers Mecaniques D Indonesie,Industrials,Specialty Industrial Machinery,206,1080000000,233279995904
30,AMOR.JK,PT Ashmore Asset Management Indonesia Tbk,Ashmore Asset Management Indone,Financial Services,Asset Management,3600,,
31,AMRT.JK,PT Sumber Alfaria Trijaya Tbk,Sumber Alfaria Trijaya Tbk.,Consumer Defensive,Grocery Stores,945,41524498432,41732121034752
32,ANDI.JK,"PT. Andira Agro, Tbk",Andira Agro Tbk.,Consumer Defensive,Farm Products,50,9349999616,467499974656
33,ANJT.JK,PT Austindo Nusantara Jaya Tbk,Austindo Nusantara Jaya Tbk.,Consumer Defensive,Farm Products,680,3311510016,2235269382144
34,ANTM.JK,PT Aneka Tambang Tbk,Aneka Tambang Tbk.,Basic Materials,Other Industrial Metals & Mining,2360,24030799872,58875457830912
35,APEX.JK,PT Apexindo Pratama Duta Tbk,Apexindo Pratama Duta Tbk.,Energy,Oil & Gas Drilling,464,2659849984,1239490101248
36,APIC.JK,PT Pacific Strategic Financial Tbk,Pacific Strategic Financial Tbk,Financial Services,Capital Markets,750,140024000,8530567364608
37,APII.JK,PT Arita Prima Indonesia Tbk,Arita Prima Indonesia Tbk.,Industrials,Tools & Accessories,176,1075760000,188257992704
38,APLI.JK,PT Asiaplast Industries Tbk.,Asiaplast Industries Tbk.,Consumer Cyclical,Packaging & Containers,202,1362669952,271171321856
39,APLN.JK,PT Agung Podomoro Land Tbk,Agung Podomoro Land Tbk.,Real Estate,Real Estate—Development,158,22699300864,3654587514880
40,ARGO.JK,PT Argo Pantes Tbk,Argo Pantes Tbk,Consumer Cyclical,Textile Manufacturing,1905,335556992,639236046848
41,ARII.JK,PT Atlas Resources Tbk,Atlas Resources Tbk.,Energy,Thermal Coal,170,3000000000,506999996416
42,ARKA.JK,PT Arkha Jayanti Persada Tbk,Arkha Jayanti Persada Tbk.,Industrials,Specialty Business Services,50,2000000000,99999997952
43,ARMY.JK,PT Armidian Karyatama Tbk,Armidian Karyatama Tbk.,Real Estate,Real Estate—Diversified,0,9006249984,450312503296
44,ARNA.JK,PT Arwana Citramulia Tbk,Arwana Citramulia Tbk.,Industrials,Building Products & Equipment,720,7257569792,5261738115072
45,ARTA.JK,PT Arthavest Tbk,Arthavest Tbk,Consumer Cyclical,Lodging,278,446673984,114541322240
46,ARTI.JK,PT. Ratu Prabu Energi Tbk,Ratu Prabu Energi Tbk,Energy,Oil & Gas Equipment & Services,50,1568000000,392000012288
47,ARTO.JK,PT Bank Jago Tbk,Bank Jago Tbk.,Financial Services,Banks—Regional,10050,13090400256,129917702373376
48,ASBI.JK,PT Asuransi Bintang Tbk,Asuransi Bintang Tbk.,Financial Services,Insurance—Diversified,290,348385984,101031936000
49,ASDM.JK,PT Asuransi Dayin Mitra Tbk,Asuransi Dayin Mitra Tbk.,Financial Services,Insurance—Property & Casualty,920,192000000,176640000000
50,ASGR.JK,PT Astra Graphia Tbk,Astra Graphia Tbk.,Industrials,Specialty Business Services,805,1348780032,1092511858688
51,ASII.JK,PT Astra International Tbk,Astra International Tbk.,Consumer Cyclical,Auto Parts,5325,40483598336,216587248336896
52,ASJT.JK,PT Asuransi Jasa Tania Tbk,Asuransi Jasa Tania Tbk.,Financial Services,Insurance—Property & Casualty,250,600000000,145200005120
53,ASMI.JK,PT Asuransi Kresna Mitra Tbk,Asuransi Maximus Graha Persada ,Financial Services,Insurance—Diversified,955,8958380032,8420877402112
54,ASPI.JK,"PT Andalan Sakti Primaindo, Tbk",Andalan Sakti Primaindo Tbk.,Consumer Cyclical,Residential Construction,57,681793024,40225787904
55,ASRI.JK,PT Alam Sutera Realty Tbk,Alam Sutera Realty Tbk.,Real Estate,Real Estate Services,214,19649400832,4322868068352
56,ASRM.JK,PT Asuransi Ramayana Tbk,Asuransi Ramayana Tbk.,Financial Services,Insurance—Property & Casualty,1560,304284000,483811557376
57,ASSA.JK,PT Adi Sarana Armada Tbk,Adi Sarana Armada Tbk.,Industrials,Rental & Leasing Services,1920,3397499904,6608137486336
58,ATIC.JK,PT Anabatic Technologies Tbk,Anabatic Technologies Tbk.,Technology,Information Technology Services,700,2315360000,1620751941632
59,AUTO.JK,PT Astra Otoparts Tbk,Astra Otoparts Tbk.,Consumer Cyclical,Auto Parts,1170,4819729920,5663182815232
60,AYLS.JK,PT Agro Yasa Lestari Tbk,Agro Yasa Lestari Tbk.,Consumer Defensive,Food Distribution,50,853422976,42671149056
61,BABP.JK,PT Bank MNC Internasional Tbk,Bank MNC Internasional Tbk.,Financial Services,Banks—Regional,95,25333299200,2457329991680
62,BACA.JK,PT Bank Capital Indonesia Tbk,Bank Capital Indonesia Tbk.,Financial Services,Banks—Regional,478,7071130112,3507280412672
63,BAJA.JK,PT Saranacentral Bajatama Tbk,Saranacentral Bajatama Tbk.,Basic Materials,Steel,138,1800000000,246600007680
64,BALI.JK,PT Bali Towerindo Sentra Tbk,Bali Towerindo Sentra Tbk.,Communication Services,Telecom Services,735,3934589952,2891923587072
65,BAPA.JK,PT Bekasi Asri Pemula Tbk,Bekasi Asri Pemula Tbk.,Real Estate,Real Estate—Development,50,661785024,33089251328
66,BAPI.JK,PT Bhakti Agung Propertindo Tbk,Bhakti Agung Propertindo Tbk.,Real Estate,Real Estate—Development,50,5591739904,279586996224
67,BATA.JK,PT Sepatu Bata Tbk.,Sepatu Bata Tbk.,Consumer Cyclical,Footwear & Accessories,830,1300000000,1013999992832
68,BAYU.JK,PT Bayu Buana Tbk,Bayu Buana Tbk,Consumer Cyclical,Travel Services,1080,353220992,388543086592
69,BBCA.JK,PT Bank Central Asia Tbk,Bank Central Asia Tbk.,Financial Services,Banks—Regional,31250,24654999552,756908461916160
70,BBHI.JK,PT Bank Harda Internasional Tbk,Bank Harda Internasional Tbk.,Financial Services,Banks—Regional,1160,4184430080,6067423543296
71,BBKP.JK,PT Bank KB Bukopin Tbk,Bank KB Bukopin Tbk.,Financial Services,Banks—Regional,515,11630600192,6117247680512
72,BBLD.JK,PT Buana Finance Tbk.,Buana Finance Tbk.,Financial Services,Credit Services,500,1645799936,809733586944
73,BBMD.JK,PT Bank Mestika Dharma Tbk,Bank Mestika Dharma Tbk.,Financial Services,Banks—Regional,1360,4026710016,5395791216640
74,BBNI.JK,PT Bank Negara Indonesia (Persero) Tbk,Bank Negara Indonesia (Persero),Financial Services,Banks—Regional,5775,289342016,107117323223040
75,BBRI.JK,PT Bank Rakyat Indonesia (Persero) Tbk,Bank Rakyat Indonesia (Persero),Financial Services,Banks—Regional,4200,121595002880,526506350608384
76,BBRM.JK,PT Pelayaran Nasional Bina Buana Raya Tbk,Pelayaran Nasional Bina Buana R,Industrials,Marine Shipping,50,5335320064,266766008320
77,BBTN.JK,PT Bank Tabungan Negara (Persero) Tbk,Bank Tabungan Negara (Persero) ,Financial Services,Banks—Regional,1700,10590000128,17897099362304
78,BBYB.JK,PT Bank Neo Commerce Tbk,Bank Neo Commerce Tbk.,Financial Services,Banks—Regional,498,6661799936,3497445031936
79,BCAP.JK,PT MNC Kapital Indonesia Tbk,MNC Kapital Indonesia Tbk.,Financial Services,Capital Markets,113,39336099840,4405643444224
80,BCIC.JK,PT Bank JTrust Indonesia Tbk.,Bank JTrust Indonesia Tbk.,Financial Services,Banks—Regional,700,283501,1417506979840
81,BCIP.JK,PT Bumi Citra Permai Tbk,Bumi Citra Permai Tbk.,Real Estate,Real Estate—Development,67,1429920000,97234558976
82,BDMN.JK,PT Bank Danamon Indonesia Tbk,Bank Danamon Indonesia Tbk.,Financial Services,Banks—Regional,2800,22400000,27170468528128
83,BEEF.JK,PT Estika Tata Tiara Tbk,Estika Tata Tiara Tbk.,Consumer Defensive,Packaged Foods,123,1884310016,233654435840
84,BEKS.JK,"PT. Bank Pembangunan Daerah Banten, Tbk",Bank Pembangunan Daerah Banten ,Financial Services,Banks—Regional,85,4594129920,2382477656064
85,BELL.JK,PT Trisula Textile Industries Tbk,Trisula Textile Industries Tbk.,Consumer Cyclical,Textile Manufacturing,136,7249999872,993249984512
86,BEST.JK,PT Bekasi Fajar Industrial Estate Tbk,Bekasi Fajar Industrial Estate ,Real Estate,Real Estate Services,152,9647309824,1504980369408
87,BFIN.JK,PT BFI Finance Indonesia Tbk,BFI Finance  Indonesia Tbk.,Financial Services,Credit Services,700,14964400128,10774367961088
88,BGTG.JK,PT Bank Ganesha Tbk,Bank Ganesha Tbk.,Financial Services,Banks—Regional,137,11063300096,1530988724224
89,BHIT.JK,PT MNC Investama Tbk,MNC Investama Tbk.,Communication Services,Entertainment,56,67390898176,3773890297856
90,BIKA.JK,PT Binakarya Jaya Abadi Tbk,Binakarya Jaya Abadi Tbk.,Real Estate,Real Estate—Development,148,592280000,82919202816
91,BIMA.JK,PT Primarindo Asia Infrastructure Tbk.,Primarindo Asia Infrastructure ,Consumer Cyclical,Footwear & Accessories,50,608176000,30408800256
92,BINA.JK,PT Bank Ina Perdana Tbk,Bank Ina Perdana Tbk.,Financial Services,Banks—Regional,1585,5654369792,9018719338496
93,BIPI.JK,PT Astrindo Nusantara Infrastruktur Tbk,Astrindo Nusantara Infrastruktu,Industrials,Infrastructure Operations,50,44693098496,2234654916608
94,BIPP.JK,PT Bhuwanatala Indah Permai Tbk,Bhuwanatala Indah Permai Tbk.,Real Estate,Real Estate—Diversified,55,1638220032,291662856192
95,BIRD.JK,PT Blue Bird Tbk,Blue Bird Tbk.,Industrials,Railroads,1330,2502099968,3352813895680
96,BISI.JK,PT BISI International Tbk,BISI International Tbk.,Basic Materials,Agricultural Inputs,1190,3000000000,3479999873024
97,BJBR.JK,PT Bank Pembangunan Daerah Jawa Barat dan Banten Tbk,Bank Pembangunan Daerah Jawa Ba,Financial Services,Banks—Regional,1580,2424069888,15496094154752
98,BJTM.JK,PT Bank Pembangunan Daerah Jawa Timur Tbk,Bank Pembangunan Daerah Jawa Ti,Financial Services,Banks—Regional,815,3081349888,12162554658816
99,BKDP.JK,PT Bukit Darmo Property Tbk,Bukit Darmo Property Tbk,Real Estate,Real Estate Services,50,7513990144,390727499776
100,BKSL.JK,PT Sentul City Tbk,Sentul City Tbk.,Real Estate,Real Estate—Development,51,357500000,3197194993664
101,BKSW.JK,PT Bank QNB Indonesia Tbk,Bank QNB Indonesia Tbk.,Financial Services,Banks—Regional,177,20436699136,4863934595072
102,BLTA.JK,PT Berlian Laju Tanker Tbk,Berlian Laju Tanker Tbk,Industrials,Marine Shipping,50,25909200896,1295460073472
103,BLTZ.JK,PT Graha Layar Prima Tbk,Graha Layar Prima Tbk.,Communication Services,Entertainment,3980,546710016,3478269460480
104,BLUE.JK,PT Berkah Prima Perkasa Tbk,Berkah Prima Perkasa Tbk.,Technology,Electronics & Computer Distribution,690,418000000,288420003840
105,BMAS.JK,PT Bank Maspion Indonesia Tbk,Bank Maspion Indonesia Tbk.,Financial Services,Banks—Regional,665,4443460096,3688071954432
106,BMRI.JK,PT Bank Mandiri (Persero) Tbk,Bank Mandiri (Persero) Tbk.,Financial Services,Banks—Regional,6325,46631301120,293777205886976
107,BMSR.JK,PT Bintang Mitra Semestaraya Tbk,Bintang Mitra Semestaraya Tbk,Industrials,Conglomerates,103,1159200000,124034400256
108,BMTR.JK,PT. Global Mediacom Tbk,Global Mediacom Tbk.,Communication Services,Entertainment,260,16214299648,4345432375296
109,BNBA.JK,P.T. Bank Bumi Arta Tbk,Bank Bumi Arta Tbk.,Financial Services,Banks—Regional,1450,2310000128,3592050180096
110,BNBR.JK,PT Bakrie & Brothers Tbk,Bakrie & Brothers Tbk,Industrials,Conglomerates,50,19375200,1043155058688
111,BNGA.JK,PT Bank CIMB Niaga Tbk,Bank CIMB Niaga Tbk.,Financial Services,Banks—Regional,1060,71853904,26423362322432
112,BNII.JK,PT Bank Maybank Indonesia Tbk,Bank Maybank Indonesia Tbk.,Financial Services,Banks—Regional,386,388145984,30028788137984
113,BNLI.JK,PT Bank Permata Tbk,Bank Permata Tbk.,Financial Services,Banks—Regional,2050,26880200,58609245356032
114,BOGA.JK,PT Bintang Oto Global Tbk,Bintang Oto Global Tbk.,Consumer Cyclical,Auto & Truck Dealerships,1320,3803529984,5115748024320
115,BOLA.JK,PT Bali Bintang Sejahtera Tbk,Bali Bintang Sejahtera Tbk.,Consumer Cyclical,Leisure,262,6000000000,1559999938560
116,BOLT.JK,PT Garuda Metalindo Tbk,Garuda Metalindo Tbk.,Industrials,Tools & Accessories,730,2343749888,1722656227328
117,BOSS.JK,PT. Borneo Olah Sarana Sukses Tbk,Borneo Olah Sarana Sukses Tbk.,Energy,Thermal Coal,105,1400000000,149799993344
118,BPFI.JK,PT Batavia Prosperindo Finance Tbk,Batavia Prosperindo Finance Tbk,Financial Services,Credit Services,1080,1782659968,1925272829952
119,BPII.JK,PT Batavia Prosperindo Internasional Tbk,Batavia Prosperindo Internasion,Financial Services,Asset Management,7300,562225024,4104242593792
120,BPTR.JK,PT Batavia Prosperindo Trans Tbk,Batavia Prosperindo Trans Tbk.,Industrials,Rental & Leasing Services,88,1550000000,134850002944
121,BRAM.JK,PT Indo Kordsa Tbk,Indo Kordsa Tbk.,Consumer Cyclical,Auto Parts,4650,450000000,2047499960320
122,BRIS.JK,PT Bank Syariah Indonesia Tbk,Bank Syariah Indonesia Tbk.,Financial Services,Banks—Regional,2240,9900510208,23266198552576
123,BRMS.JK,PT Bumi Resources Minerals Tbk,Bumi Resources Minerals Tbk.,Basic Materials,Other Industrial Metals & Mining,74,27211200512,5667375022080
124,BRNA.JK,PT Berlina Tbk,Berlina Tbk.,Consumer Cyclical,Packaging & Containers,1310,979110016,1282634153984
125,BRPT.JK,PT Barito Pacific Tbk,Barito Pacific Tbk.,Basic Materials,Chemicals,980,92828696576,93756980199424
126,BSDE.JK,PT Bumi Serpong Damai Tbk,Bumi Serpong Damai Tbk.,Real Estate,Real Estate—Development,1200,20913399808,24991512920064
127,BSIM.JK,PT Bank Sinarmas Tbk,Bank Sinarmas Tbk.,Financial Services,Banks—Regional,630,17461800960,11874024292352
128,BSSR.JK,PT Baramulti Suksessarana Tbk,Baramulti Suksessarana Tbk.,Energy,Thermal Coal,1545,2616499968,3950914830336
129,BTEK.JK,PT Bumi Teknokultura Unggul Tbk,Bumi Teknokultura Unggul Tbk,Consumer Defensive,Farm Products,50,46277500928,2313875095552
130,BTEL.JK,PT Bakrie Telecom Tbk,Bakrie Telecom Tbk.,Communication Services,Telecom Services,0,30912399360,1833194881024
131,BTON.JK,PT Betonjaya Manunggal Tbk,Betonjaya Manunggal Tbk.,Basic Materials,Steel,298,720000000,213119991808
132,BTPN.JK,PT Bank BTPN Tbk,Bank BTPN Tbk.,Financial Services,Banks—Regional,2800,8053729792,22550442672128
133,BTPS.JK,PT Bank BTPN Syariah Tbk,Bank BTPN Syariah Tbk.,Financial Services,Banks—Regional,3400,7701199872,25722007584768
134,BUDI.JK,PT Budi Starch & Sweetener Tbk,Budi Starch & Sweetener Tbk.,Consumer Defensive,Packaged Foods,113,4498999808,499388973056
135,BUKK.JK,PT Bukaka Teknik Utama Tbk,Bukaka Teknik Utama Tbk.,Industrials,Engineering & Construction,915,2640450048,2376405090304
136,BULL.JK,PT Buana Lintas Lautan Tbk,Buana Lintas Lautan Tbk.,Industrials,Marine Shipping,312,12372799488,3885059014656
137,BUMI.JK,PT Bumi Resources Tbk,Bumi Resources Tbk.,Energy,Thermal Coal,60,67408400384,4179320897536
138,BUVA.JK,PT Bukit Uluwatu Villa Tbk,Bukit Uluwatu Villa Tbk.,Consumer Cyclical,Lodging,74,6811270144,490411458560
139,BVIC.JK,PT Bank Victoria International Tbk,Bank Victoria International Tbk,Financial Services,Banks—Regional,166,8951950336,1629254975488
140,BWPT.JK,PT Eagle High Plantations Tbk,Eagle High Plantations Tbk.,Consumer Defensive,Farm Products,115,31525300224,3688460189696
141,BYAN.JK,PT Bayan Resources Tbk,Bayan Resources Tbk.,Energy,Thermal Coal,12500,3333329920,41666622783488
142,CAKK.JK,PT Cahayaputra Asa Keramik Tbk,Cahayaputra Asa Keramik Tbk.,Industrials,Building Products & Equipment,77,1203299968,93857398784
143,CAMP.JK,"PT Campina Ice Cream Industry, Tbk.",Campina Ice Cream Industry Tbk.,Consumer Defensive,Packaged Foods,236,5885000192,1412400021504
144,CANI.JK,PT Capitol Nusantara Indonesia Tbk,Capitol Nusantara Indonesia Tbk,Industrials,Marine Shipping,173,833440000,151686086656
145,CARS.JK,PT Industri dan Perdagangan Bintraco Dharma Tbk,Industri dan Perdagangan Bintra,Consumer Cyclical,Auto & Truck Dealerships,50,15000000512,750000013312
146,CASA.JK,PT Capital Financial Indonesia Tbk,Capital Financial Indonesia Tbk,Financial Services,Financial Conglomerates,412,54476201984,22444194660352
147,CASS.JK,PT Cardig Aero Services Tbk,Cardig Aero Services Tbk.,Industrials,Airports & Air Services,400,2086950016,876519030784
148,CCSI.JK,PT Communication Cable Systems Indonesia Tbk,Communication Cable Systems Ind,Technology,Communication Equipment,244,1000000000,257999994880
149,CEKA.JK,PT Wilmar Cahaya Indonesia Tbk.,Wilmar Cahaya Indonesia Tbk.,Consumer Defensive,Packaged Foods,1850,595000000,1085875027968
150,CENT.JK,PT Centratama Telekomunikasi Indonesia Tbk,Centratama Telekomunikasi Indon,Communication Services,Telecom Services,284,31183499264,8918480715776
151,CFIN.JK,PT. Clipan Finance Indonesia Tbk,Clipan Finance Indonesia Tbk.,Financial Services,Credit Services,282,3984519936,1107696549888
152,CINT.JK,PT Chitose Internasional Tbk,Chitose Internasional Tbk.,Consumer Cyclical,"Furnishings, Fixtures & Appliances",232,1000000000,248000004096
153,CITA.JK,PT Cita Mineral Investindo Tbk,Cita Mineral Investindo Tbk.,Basic Materials,Other Industrial Metals & Mining,2540,3960359936,10138521960448
154,CITY.JK,PT Natura City Developments Tbk,Natura City Developments Tbk.,Real Estate,Real Estate—Development,142,5402679808,1031911833600
155,CLAY.JK,PT Citra Putra Realty Tbk,Citra Putra Realty Tbk.,Consumer Cyclical,Lodging,1005,2569999872,2402949791744
156,CLEO.JK,PT Sariguna Primatirta Tbk,Sariguna Primatirta Tbk.,Consumer Defensive,Beverages—Non-Alcoholic,456,11993499648,5493023047680
157,CLPI.JK,PT Colorpak Indonesia Tbk,Colorpak Indonesia Tbk.,Basic Materials,Specialty Chemicals,835,306337984,257323909120
158,CMNP.JK,PT Citra Marga Nusaphala Persada Tbk,Citra Marga Nusaphala Persada T,Industrials,Infrastructure Operations,2000,4046459904,8092920053760
159,CMPP.JK,PT AirAsia Indonesia Tbk,AirAsia Indonesia Tbk.,Industrials,Airlines,0,,
160,CNKO.JK,PT Exploitasi Energi Indonesia Tbk,Exploitasi Energi Indonesia Tbk,Energy,Thermal Coal,50,115000000,447817973760
161,CNTX.JK,PT Century Textile Industry Tbk,Century Textile Industry Tbk.,Consumer Cyclical,Textile Manufacturing,202,70000000,38200000512
162,COCO.JK,PT Wahana Interfood Nusantara Tbk,Wahana Interfood Nusantara Tbk.,Consumer Defensive,Confectioners,256,560246976,142302724096
163,COWL.JK,PT Cowell Development Tbk,Cowell Development Tbk.,Real Estate,Real Estate—Development,50,4871209984,243560497152
164,CPIN.JK,PT Charoen Pokphand Indonesia Tbk,Charoen Pokphand Indonesia Tbk,Consumer Defensive,Farm Products,7150,16398000128,115605898264576
165,CPRI.JK,PT Capri Nusa Satu Properti Tbk,Capri Nusa Satu Properti Tbk.,Real Estate,Real Estate—Diversified,50,2433370112,121668501504
166,CPRO.JK,PT Central Proteina Prima Tbk,Central Proteina Prima Tbk.,Consumer Defensive,Farm Products,50,40470700032,2978620112896
167,CSAP.JK,PT Catur Sentosa Adiprana Tbk,Catur Sentosa Adiprana Tbk.,Industrials,Building Products & Equipment,398,4458350080,1774423375872
168,CSIS.JK,PT Cahayasakti Investindo Sukses Tbk,Cahayasakti Investindo Sukses T,Consumer Cyclical,"Furnishings, Fixtures & Appliances",83,1307000064,109788004352
169,CSRA.JK,PT Cisadane Sawit Raya Tbk,Cisadane Sawit Raya Tbk.,Consumer Defensive,Farm Products,296,2050000000,614999982080
170,CTBN.JK,PT Citra Tubindo Tbk,Citra Tubindo Tbk.,Energy,Oil & Gas Equipment & Services,3260,800371968,2609212555264
171,CTRA.JK,PT Ciputra Development Tbk,Ciputra Development Tbk.,Real Estate,Real Estate Services,1150,18535700480,21316054810624
172,CTTH.JK,PT Citatah Tbk,Citatah Tbk.,Basic Materials,Building Materials,64,1230840064,80004603904
173,DADA.JK,PT Diamond Citra Propertindo Tbk,Diamond Citra Propertindo Tbk.,Real Estate,Real Estate Services,50,7176999936,358850002944
174,DART.JK,PT Duta Anggada Realty Tbk.,Duta Anggada Realty Tbk.,Real Estate,Real Estate Services,218,3141390080,672257474560
175,DAYA.JK,PT Duta Intidaya Tbk,Duta Intidaya Tbk.,Consumer Cyclical,Specialty Retail,224,2420549888,571249786880
176,DEAL.JK,PT Dewata Freightinternational Tbk,Dewata Freightinternational Tbk,Industrials,Integrated Freight & Logistics,109,1124749952,122597744640
177,DEFI.JK,PT Danasupra Erapacific Tbk,Danasupra Erapacific Tbk.,Financial Services,Credit Services,1655,687267008,1144299585536
178,DEWA.JK,PT Darma Henwa Tbk,Darma Henwa Tbk,Energy,Thermal Coal,50,21853700096,1092685004800
179,DFAM.JK,PT Dafam Property Indonesia Tbk,Dafam Property Indonesia Tbk.,Real Estate,Real Estate Services,178,1899600000,326731202560
180,DGIK.JK,PT Nusa Konstruksi Enjiniring Tbk,Nusa Konstruksi Enjiniring Tbk.,Industrials,Engineering & Construction,74,5521730048,392042840064
181,DIGI.JK,PT Arkadia Digital Media Tbk,Arkadia Digital Media Tbk.,Communication Services,Internet Content & Information,368,1624999936,620749979648
182,DILD.JK,PT Intiland Development Tbk,Intiland Development Tbk.,Real Estate,Real Estate—Development,192,10365899776,2021350440960
183,DIVA.JK,PT Distribusi Voucher Nusantara Tbk,Distribusi Voucher Nusantara Tb,Technology,Software—Application,3110,699993984,2323979960320
184,DKFT.JK,PT Central Omega Resources Tbk,Central Omega Resources Tbk.,Basic Materials,Other Industrial Metals & Mining,167,5473489920,946913738752
185,DLTA.JK,PT Delta Djakarta Tbk,Delta Djakarta Tbk.,Consumer Defensive,Beverages—Brewers,3810,800659008,3050510745600
186,DMAS.JK,PT Puradelta Lestari Tbk,Puradelta Lestari Tbk.,Real Estate,Real Estate—Development,248,48198098944,11663939993600
187,DMMX.JK,PT Digital Mediatama Maxima Tbk,Digital Mediatama Maxima Tbk.,Communication Services,Advertising Agencies,505,7259440128,3666017255424
188,DMND.JK,PT Diamond Food Indonesia Tbk,Diamond Food Indonesia Tbk.,Consumer Defensive,Packaged Foods,915,8209999872,7388999974912
189,DNAR.JK,PT Bank Oke Indonesia Tbk,Bank Oke Indonesia Tbk.,Financial Services,Banks—Regional,199,9077289984,2142240374784
190,DNET.JK,PT Indoritel Makmur Internasional Tbk.,Indoritel Makmur Internasional ,Communication Services,Telecom Services,3230,14183999488,45105117396992
191,DOID.JK,PT Delta Dunia Makmur Tbk,Delta Dunia Makmur Tbk.,Energy,Thermal Coal,382,8619820032,3482407403520
192,DPNS.JK,PT Duta Pertiwi Nusantara Tbk,Duta Pertiwi Nusantara Tbk.,Basic Materials,Specialty Chemicals,272,331129984,92716392448
193,DPUM.JK,PT Dua Putra Utama Makmur Tbk,Dua Putra Utama Makmur Tbk.,Consumer Defensive,Packaged Foods,50,4164539904,208226992128
194,DSFI.JK,PT Dharma Samudera Fishing Industries Tbk,Dharma Samudera Fishing Industr,Consumer Defensive,Farm Products,71,1857139968,131856941056
195,DSNG.JK,PT Dharma Satya Nusantara Tbk,Dharma Satya Nusantara Tbk.,Consumer Defensive,Farm Products,640,10458399744,6588791783424
196,DSSA.JK,PT Dian Swastatika Sentosa Tbk,Dian Swastatika Sentosa Tbk,Energy,Thermal Coal,12500,770552000,9631900368896
197,DUCK.JK,PT Jaya Bersama Indo Tbk,Jaya Bersama Indo Tbk.,Consumer Cyclical,Restaurants,248,1283330048,318265851904
198,DUTI.JK,PT Duta Pertiwi Tbk,Duta Pertiwi Tbk,Real Estate,Real Estate—Development,3520,1850000000,6511999844352
199,DVLA.JK,PT Darya-Varia Laboratoria Tbk,Darya-Varia Laboratoria Tbk.,Healthcare,Drug Manufacturers—Specialty & Generic,2400,1120000000,2687999934464
200,DWGL.JK,PT Dwi Guna Laksana Tbk,Dwi Guna Laksana Tbk.,Energy,Thermal Coal,184,8711600128,1629069246464
201,DYAN.JK,PT Dyandra Media International Tbk,Dyandra Media International Tbk,Communication Services,Entertainment,99,4210569984,416846413824
202,EAST.JK,PT Eastparc Hotel Tbk,Eastparc Hotel Tbk.,Consumer Cyclical,Lodging,81,4099889920,327991197696
203,ECII.JK,PT Electronic City Indonesia Tbk,Electronic City Indonesia Tbk.,Consumer Cyclical,Specialty Retail,1100,1168000000,1284799987712
204,EKAD.JK,PT Ekadharma International Tbk,Ekadharma International Tbk.,Basic Materials,Specialty Chemicals,1225,698774976,862987091968
205,ELSA.JK,PT Elnusa Tbk,Elnusa Tbk.,Energy,Oil & Gas Equipment & Services,332,7298500096,2496086933504
206,ELTY.JK,PT Bakrieland Development Tbk,Bakrieland Development Tbk.,Real Estate,Real Estate Services,50,1400000000,2176095092736
207,EMDE.JK,PT Megapolitan Developments Tbk,Megapolitan Developments Tbk.,Real Estate,Real Estate Services,193,3350000128,646549995520
208,EMTK.JK,PT Elang Mahkota Teknologi Tbk,Elang Mahkota Teknologi Tbk.,Communication Services,Broadcasting,2480,56439599104,136583827161088
209,ENRG.JK,PT Energi Mega Persada Tbk,Energi Mega Persada Tbk.,Energy,Oil & Gas E&P,109,10342200320,1220379672576
210,ENVY.JK,PT Envy Technologies Indonesia Tbk,Envy Technologies Indonesia Tbk,Technology,Information Technology Services,50,1800000000,89999998976
211,EPMT.JK,PT Enseval Putera Megatrading Tbk,Enseval Putera Megatrading Tbk.,Healthcare,Medical Distribution,2170,2708640000,5877748727808
212,ERAA.JK,PT Erajaya Swasembada Tbk,Erajaya Swasembada Tbk.,Consumer Cyclical,Specialty Retail,498,15898500096,8187727577088
213,ERTX.JK,PT Eratex Djaja Tbk,Eratex Djaja Tbk.,Consumer Cyclical,Apparel Manufacturing,210,1286540032,290758033408
214,ESIP.JK,PT Sinergi Inti Plastindo Tbk,Sinergi Inti Plastindo Tbk.,Consumer Cyclical,Packaging & Containers,76,640000000,48640000000
215,ESSA.JK,PT Surya Esa Perkasa Tbk,Surya Esa Perkasa Tbk.,Energy,Oil & Gas Refining & Marketing,392,15660900352,6139072741376
216,ESTI.JK,PT Ever Shine Tex Tbk,Ever Shine Tex Tbk.,Consumer Cyclical,Textile Manufacturing,96,2015209984,191444942848
217,ETWA.JK,PT Eterindo Wahanatama Tbk,Eterindo Wahanatama Tbk,Basic Materials,Chemicals,62,968297024,60034416640
218,EXCL.JK,PT XL Axiata Tbk,XL Axiata Tbk.,Communication Services,Telecom Services,2200,10649499648,23109413371904
219,FAST.JK,PT Fast Food Indonesia Tbk,Fast Food Indonesia Tbk.,Consumer Cyclical,Restaurants,1025,3987069952,4206358691840
220,FASW.JK,PT Fajar Surya Wisesa Tbk,Fajar Surya Wisesa Tbk.,Consumer Cyclical,Packaging & Containers,7600,2477890048,18831963586560
221,FILM.JK,PT MD Pictures Tbk,MD Pictures Tbk.,Communication Services,Entertainment,515,9364299776,4869435949056
222,FINN.JK,"PT First Indo American Leasing, Tbk",First Indo American Leasing Tbk,Financial Services,Credit Services,0,1860230016,109425000448
223,FIRE.JK,PT Alfa Energi Investama Tbk,Alfa Energi Investama Tbk.,Energy,Thermal Coal,496,1471619968,750526201856
224,FISH.JK,PT FKS Multi Agro Tbk,FKS Multi Agro Tbk.,Consumer Defensive,Farm Products,3680,480000000,1766399934464
225,FITT.JK,PT Hotel Fitra International Tbk,Hotel Fitra International Tbk.,Consumer Cyclical,Lodging,93,600000000,54599999488
226,FMII.JK,PT Fortune Mate Indonesia Tbk,Fortune Mate Indonesia Tbk,Real Estate,Real Estate—Development,605,2720999936,1550969995264
227,FOOD.JK,PT Sentra Food Indonesia Tbk,Sentra Food Indonesia Tbk.,Consumer Defensive,Packaged Foods,104,650000000,66299998208
228,FORU.JK,PT Fortune Indonesia Tbk,Fortune Indonesia Tbk,Communication Services,Advertising Agencies,220,465224000,95836143616
229,FORZ.JK,PT Forza Land Indonesia Tbk,Forza Land Indonesia Tbk.,Real Estate,Real Estate—Development,50,1984009984,99200499712
230,FPNI.JK,PT Lotte Chemical Titan Tbk,Lotte Chemical Titan Tbk.,Basic Materials,Specialty Chemicals,226,5566410240,1280274333696
231,FREN.JK,PT Smartfren Telecom Tbk,Smartfren Telecom Tbk.,Communication Services,Telecom Services,81,1011790016,22903879892992
232,FUJI.JK,PT Fuji Finance Indonesia Tbk,Fuji Finance Indonesia Tbk.,Financial Services,Credit Services,144,1104999936,187199995904
233,GAMA.JK,PT Aksara Global Development Tbk,Aksara Global Development Tbk.,Real Estate,Real Estate—Development,50,10010999808,500549976064
234,GDST.JK,PT Gunawan Dianjaya Steel Tbk,Gunawan Dianjaya Steel Tbk.,Basic Materials,Steel,98,8491489792,832165969920
235,GDYR.JK,PT Goodyear Indonesia Tbk,Goodyear Indonesia Tbk.,Consumer Cyclical,Auto Parts,1485,410000000,619099979776
236,GEMA.JK,PT Gema Grahasarana Tbk,Gema Grahasarana Tbk.,Consumer Cyclical,"Furnishings, Fixtures & Appliances",344,1600000000,550400032768
237,GGRM.JK,PT Gudang Garam Tbk,Gudang Garam Tbk.,Consumer Defensive,Tobacco,36225,1924089984,70806512074752
238,GGRP.JK,PT Gunung Raja Paksi Tbk,Gunung Raja Paksi Tbk.,Basic Materials,Steel,368,12111399936,5207902126080
239,GHON.JK,PT Gihon Telekomunikasi Indonesia Tbk,Gihon Telekomunikasi Indonesia ,Communication Services,Telecom Services,1940,550000000,1188000038912
240,GIAA.JK,PT. Garuda Indonesia (Persero) Tbk,Garuda Indonesia (Persero) Tbk.,Industrials,Airports & Air Services,342,25886599168,8956763176960
241,GJTL.JK,PT. Gajah Tunggal Tbk,Gajah Tunggal Tbk.,Consumer Cyclical,Auto Parts,930,3484410112,3188235173888
242,GLOB.JK,PT Global Teleshop Tbk,Global Teleshop Tbk.,Consumer Cyclical,Specialty Retail,304,1111110016,319999672320
243,GLVA.JK,PT Galva Technologies Tbk,Galva Technologies Tbk.,Technology,Electronics & Computer Distribution,350,1500000000,525000015872
244,GMFI.JK,PT Garuda Maintenance Facility Aero Asia Tbk,Garuda Maintenance Facility Aer,Industrials,Aerospace & Defense,119,28233500672,3500954091520
245,GMTD.JK,PT Gowa Makassar Tourism Development Tbk,Gowa Makassar Tourism Developme,Real Estate,Real Estate—Development,16725,101538000,1698223095808
246,GOLD.JK,PT Visi Telekomunikasi Infrastruktur Tbk,Visi Telekomunikasi Infrastrukt,Communication Services,Telecom Services,284,1277280000,365302087680
247,GOLL.JK,PT Golden Plantation Tbk,Golden Plantation Tbk.,Consumer Defensive,Farm Products,0,3664999936,183249993728
248,GOOD.JK,PT Garudafood Putra Putri Jaya Tbk,Garudafood Putra Putri Jaya Tbk,Consumer Defensive,Packaged Foods,1750,7349000192,12824005836800
249,GPRA.JK,PT Perdana Gapuraprima Tbk,Perdana Gapuraprima Tbk.,Real Estate,Real Estate—Development,66,4276659968,282259554304
250,GSMF.JK,PT Equity Development Investment Tbk,Equity Development Investment T,Financial Services,Insurance—Diversified,132,1441440000,984023040000
251,GTBO.JK,PT Garda Tujuh Buana Tbk,Garda Tujuh Buana Tbk,Energy,Thermal Coal,75,2500000000,187500003328
252,GWSA.JK,PT Greenwood Sejahtera Tbk,Greenwood Sejahtera Tbk.,Real Estate,Real Estate—Development,146,7800759808,1138910953472
253,GZCO.JK,PT Gozco Plantations Tbk,Gozco Plantations Tbk.,Consumer Defensive,Farm Products,50,6000000000,299999985664
254,HADE.JK,PT Himalaya Energi Perkasa Tbk,Himalaya Energi Perkasa Tbk.,Consumer Cyclical,Specialty Retail,50,2120000000,105999998976
255,HDFA.JK,PT Radana Bhaskara Finance Tbk,Radana Bhaskara Finance Tbk.,Financial Services,Credit Services,114,6096970240,737733378048
256,HDIT.JK,PT Hensel Davest Indonesia Tbk,Hensel Davest Indonesia Tbk.,Technology,Software—Application,162,1524679936,242424102912
257,HDTX.JK,PT Panasia Indo Resources Tbk,Panasia Indo Resources Tbk.,Basic Materials,Other Industrial Metals & Mining,0,,
258,HEAL.JK,PT Medikaloka Hermina Tbk,Medikaloka Hermina Tbk.,Healthcare,Medical Care Facilities,4600,2963000064,13422390411264
259,HELI.JK,PT Jaya Trishindo Tbk,Jaya Trishindo Tbk.,Industrials,Airports & Air Services,446,819000000,398034010112
260,HERO.JK,PT Hero Supermarket Tbk,Hero Supermarket Tbk.,Consumer Cyclical,Department Stores,900,4183630080,3786185113600
261,HEXA.JK,PT Hexindo Adiperkasa Tbk,Hexindo Adiperkasa Tbk.,Industrials,Industrial Distribution,3540,840000000,2965199912960
262,HITS.JK,PT Humpuss Intermoda Transportasi Tbk.,Humpuss Intermoda Transportasi ,Industrials,Marine Shipping,450,6837590016,3076915462144
263,HKMU.JK,PT HK Metals Utama Tbk,HK Metals Utama Tbk.,Basic Materials,Building Materials,84,3221750016,283514011648
264,HMSP.JK,PT Hanjaya Mandala Sampoerna Tbk,H.M. Sampoerna Tbk.,Consumer Defensive,Tobacco,1350,116318003200,158774069297152
265,HOKI.JK,PT Buyung Poetra Sembada Tbk,Buyung Poetra Sembada Tbk.,Consumer Defensive,Packaged Foods,244,11345200128,2813609639936
266,HOME.JK,PT Hotel Mandarine Regency Tbk,Hotel Mandarine Regency Tbk.,Consumer Cyclical,Lodging,0,22212200448,1110610018304
267,HOTL.JK,PT. Saraswati Griya Lestari Tbk,Saraswati Griya Lestari Tbk.,Consumer Cyclical,Lodging,50,3550000128,177500012544
268,HRME.JK,PT Menteng Heritage Realty Tbk,Menteng Heritage Realty Tbk.,Consumer Cyclical,Lodging,56,5958750208,339648774144
269,HRTA.JK,PT Hartadinata Abadi Tbk,Hartadinata Abadi Tbk.,Consumer Cyclical,Luxury Goods,204,4605259776,939472977920
270,HRUM.JK,PT Harum Energy Tbk,Harum Energy Tbk.,Energy,Thermal Coal,5625,2526269952,14147111616512
271,IATA.JK,PT Indonesia Transport & Infrastructure Tbk,Indonesia Transport & Infrastru,Industrials,Airports & Air Services,50,10697700352,534885007360
272,IBFN.JK,PT Intan Baruprana Finance Tbk,Intan Baruprana Finance Tbk.,Financial Services,Credit Services,165,1517319936,253392437248
273,IBST.JK,PT Inti Bangun Sejahtera Tbk,Inti Bangun Sejahtera Tbk.,Communication Services,Telecom Services,7100,1350899968,9051030159360
274,ICBP.JK,PT Indofood CBP Sukses Makmur Tbk,Indofood CBP Sukses Makmur Tbk.,Consumer Defensive,Packaged Foods,8900,11661899776,102916266393600
275,ICON.JK,PT Island Concepts Indonesia Tbk,Island Concepts Indonesia Tbk.,Consumer Cyclical,Lodging,77,1089750016,86090252288
276,IDPR.JK,PT Indonesia Pondasi Raya Tbk,Indonesia Pondasi Raya Tbk.,Industrials,Engineering & Construction,250,2003000064,488732000256
277,IFII.JK,PT Indonesia Fibreboard Industry Tbk,Indonesia Fibreboard Industry T,Basic Materials,Lumber & Wood Production,138,9411999744,1308267905024
278,IFSH.JK,PT Ifishdeco Tbk,Ifishdeco Tbk.,Basic Materials,Other Industrial Metals & Mining,1100,2124999936,2305624899584
279,IGAR.JK,PT Champion Pacific Indonesia Tbk,Champion Pacific Indonesia Tbk.,Consumer Cyclical,Packaging & Containers,366,972204032,349993435136
280,IIKP.JK,PT Inti Agri Resources Tbk,Inti Agri Resources Tbk,Consumer Defensive,Farm Products,0,320000000,1680000024576
281,IKAI.JK,PT Intikeramik Alamasri Industri Tbk,Intikeramik Alamasri Industri T,Consumer Cyclical,Lodging,50,13305799680,665290014720
282,IKAN.JK,PT Era Mandiri Cemerlang Tbk,Era Mandiri Cemerlang Tbk.,Consumer Defensive,Farm Products,118,833332992,99999956992
283,IKBI.JK,PT Sumi Indo Kabel Tbk,Sumi Indo Kabel Tbk.,Industrials,Electrical Equipment & Parts,232,1224000000,283968012288
284,IMAS.JK,PT Indomobil Sukses Internasional Tbk,Indomobil Sukses Internasional ,Consumer Cyclical,Auto & Truck Dealerships,1120,3994289920,4453633097728
285,IMJS.JK,PT Indomobil Multi Jasa Tbk,Indomobil Multi Jasa Tbk.,Industrials,Conglomerates,340,8654319616,2925160038400
286,IMPC.JK,PT Impack Pratama Industri Tbk,Impack Pratama Industri Tbk.,Basic Materials,Building Materials,1460,4833500160,7056910188544
287,INAF.JK,PT Indofarma (Persero) Tbk,Indofarma Tbk.,Healthcare,Drug Manufacturers—Specialty & Generic,2410,3099269888,7469240680448
288,INAI.JK,PT Indal Aluminium Industry Tbk,Indal Aluminium Industry Tbk.,Basic Materials,Aluminum,338,633600000,214156804096
289,INCF.JK,PT Indo Komoditi Korpora Tbk,Indo Komoditi Korpora Tbk.,Basic Materials,Specialty Chemicals,92,1438370048,148152107008
290,INCI.JK,PT Intanwijaya Internasional Tbk,Intanwijaya Internasional Tbk,Basic Materials,Specialty Chemicals,1050,196120992,210830065664
291,INCO.JK,PT Vale Indonesia Tbk,Vale Indonesia Tbk.,Basic Materials,Other Industrial Metals & Mining,4680,9936339968,47495707099136
292,INDF.JK,PT Indofood Sukses Makmur Tbk,Indofood Sukses Makmur Tbk.,Consumer Defensive,Packaged Foods,6775,8780430336,58609371185152
293,INDO.JK,PT Royalindo Investa Wijaya Tbk,Royalindo Investa Wijaya Tbk.,Consumer Cyclical,Lodging,147,4309159936,715320524800
294,INDR.JK,PT. Indo-Rama Synthetics Tbk,Indo-Rama Synthetics Tbk.,Consumer Cyclical,Textile Manufacturing,3320,654352000,2198622699520
295,INDS.JK,PT Indospring Tbk,Indospring Tbk.,Consumer Cyclical,Auto Parts,1865,656249984,1217343782912
296,INDX.JK,PT Tanah Laut Tbk,Tanah Laut Tbk,Industrials,Marine Shipping,88,437913984,38536429568
297,INDY.JK,PT. Indika Energy Tbk,Indika Energy Tbk.,Energy,Thermal Coal,1465,5193249792,7893739896832
298,INKP.JK,PT Indah Kiat Pulp & Paper Tbk,Indah Kiat Pulp & Paper Tbk.,Basic Materials,Paper & Paper Products,10725,5470980096,58265937379328
299,INOV.JK,PT Inocycle Technology Group Tbk,Inocycle Technology Group Tbk.,Industrials,Waste Management,199,1808220032,350794678272
300,INPC.JK,PT Bank Artha Graha Internasional Tbk,Bank Artha Graha Internasional ,Financial Services,Banks—Regional,178,15796200448,2859112333312
301,INPP.JK,PT Indonesian Paradise Property Tbk,Indonesian Paradise Property Tb,Consumer Cyclical,Lodging,800,11182000128,8945600036864
302,INPS.JK,PT. Indah Prakasa Sentosa Tbk,Indah Prakasa Sentosa Tbk.,Industrials,Trucking,2080,650000000,1300000014336
303,INRU.JK,PT Toba Pulp Lestari Tbk,Toba Pulp Lestari Tbk.,Basic Materials,Paper & Paper Products,940,1388880000,1305547243520
304,INTA.JK,PT Intraco Penta Tbk,Intraco Penta Tbk.,Industrials,Industrial Distribution,167,3343930112,548404527104
305,INTD.JK,PT Inter Delta Tbk,Inter Delta Tbk,Basic Materials,Paper & Paper Products,96,591827968,56223657984
306,INTP.JK,PT Indocement Tunggal Prakarsa Tbk,Indocement Tunggal Prakarsa Tbk,Basic Materials,Building Materials,12400,3681230080,45647252160512
307,IPCC.JK,PT Indonesia Kendaraan Terminal Tbk,Indonesia Kendaraan Terminal Tb,Industrials,Integrated Freight & Logistics,590,1818380032,1091027992576
308,IPCM.JK,PT Jasa Armada Indonesia Tbk,Jasa Armada Indonesia Tbk.,Industrials,Marine Shipping,300,5284810240,1638291210240
309,IPOL.JK,PT Indopoly Swakarsa Industry Tbk,Indopoly Swakarsa Industry Tbk.,Consumer Cyclical,Packaging & Containers,157,6443380224,1024497483776
310,IPTV.JK,PT MNC Vision Networks Tbk,MNC Vision Networks Tbk.,Communication Services,Entertainment,246,38306299904,9499962245120
311,IRRA.JK,PT Itama Ranoraya Tbk,Itama Ranoraya Tbk.,Healthcare,Medical Distribution,1755,1500000000,2692499898368
312,ISAT.JK,PT Indosat Tbk,Indosat Tbk.,Communication Services,Telecom Services,6850,5433930240,36271485353984
313,ISSP.JK,PT Steel Pipe Industry of Indonesia Tbk,Steel Pipe Industry of Indonesi,Basic Materials,Steel,216,7065339904,1497852018688
314,ITIC.JK,PT Indonesian Tobacco Tbk,Indonesian Tobacco Tbk.,Consumer Defensive,Tobacco,525,940720000,493877985280
315,ITMA.JK,PT Sumber Energi Andalan Tbk,Sumber Energi Andalan Tbk.,Industrials,Specialty Business Services,570,870700992,513713569792
316,ITMG.JK,PT Indo Tambangraya Megah Tbk,Indo Tambangraya Megah Tbk.,Energy,Thermal Coal,12600,1096560000,13816656035840
317,JAST.JK,PT. Jasnita Telekomindo Tbk,Jasnita Telekomindo Tbk.,Communication Services,Telecom Services,190,813627008,150521004032
318,JAWA.JK,PT Jaya Agra Wattie Tbk,Jaya Agra Wattie Tbk.,Consumer Defensive,Farm Products,91,3774690048,343496785920
319,JAYA.JK,PT Armada Berjaya Trans Tbk,Armada Berjaya Trans Tbk.,Industrials,Trucking,120,375000000,44624998400
320,JECC.JK,PT Jembo Cable Company Tbk,Jembo Cable Company Tbk.,Industrials,Electrical Equipment & Parts,6500,151200000,982800007168
321,JGLE.JK,PT Graha Andrasentra Propertindo Tbk.,Graha Andrasentra Propertindo T,Consumer Cyclical,Leisure,50,22581899264,1129094971392
322,JIHD.JK,PT Jakarta International Hotels & Development Tbk,Jakarta International Hotels & ,Consumer Cyclical,Lodging,458,2329039872,1029435621376
323,JKON.JK,PT Jaya Konstruksi Manggala Pratama Tbk,Jaya Konstruksi Manggala Pratam,Industrials,Conglomerates,200,16308500480,3326933991424
324,JKSW.JK,"PT Jakarta Kyoei Steel Works, Tbk",Jakarta Kyoei Steel Works Tbk.,Basic Materials,Steel,0,150000000,8999999488
325,JMAS.JK,PT Asuransi Jiwa Syariah Jasa Mitra Abadi Tbk,Asuransi Jiwa Syariah Jasa Mitr,Financial Services,Insurance—Life,152,1000000000,153999998976
326,JPFA.JK,PT Japfa Comfeed Indonesia Tbk,Japfa Comfeed Indonesia Tbk.,Consumer Defensive,Farm Products,2110,8746099712,19682966896640
327,JRPT.JK,"PT Jaya Real Property, Tbk.",Jaya Real Property Tbk.,Real Estate,Real Estate Services,590,13615500288,7965067706368
328,JSKY.JK,PT Sky Energy Indonesia Tbk,Sky Energy Indonesia Tbk.,Technology,Solar,124,2032540032,272360357888
329,JSMR.JK,PT Jasa Marga (Persero) Tbk,Jasa Marga (Persero) Tbk.,Industrials,Engineering & Construction,4220,7257869824,30991104081920
330,JSPT.JK,PT Jakarta Setiabudi Internasional Tbk,Jakarta Setiabudi Internasional,Real Estate,Real Estate Services,800,2318739968,1889773027328
331,JTPE.JK,PT Jasuindo Tiga Perkasa Tbk,Jasuindo Tiga Perkasa Tbk.,Industrials,Specialty Business Services,1230,1713010048,2107002322944
332,KAEF.JK,PT Kimia Farma (Persero) Tbk,Kimia Farma Tbk.,Healthcare,Drug Manufacturers—Specialty & Generic,2520,5553999872,14218239672320
333,KARW.JK,PT ICTSI Jasa Prima Tbk,ICTSI Jasa Prima Tbk.,Industrials,Marine Shipping,64,587153024,38752100352
334,KAYU.JK,PT Darmi Bersaudara Tbk,Darmi Bersaudara Tbk.,Basic Materials,Lumber & Wood Production,85,665000000,57189998592
335,KBLI.JK,PT KMI Wire and Cable Tbk,KMI Wire & Cable Tbk.,Industrials,Electrical Equipment & Parts,370,560000000,1474664333312
336,KBLM.JK,PT Kabelindo Murni Tbk,Kabelindo Murni Tbk.,Technology,Communication Equipment,216,1120000000,235200004096
337,KBLV.JK,PT First Media Tbk,First Media Tbk.,Communication Services,Entertainment,368,1742169984,644602920960
338,KBRI.JK,PT Kertas Basuki Rachmat Indonesia Tbk,Kertas Basuki Rachmat Indonesia,Basic Materials,Paper & Paper Products,0,680028992,434400002048
339,KDSI.JK,PT Kedawung Setia Industrial Tbk,Kedawung Setia Industrial Tbk.,Consumer Cyclical,Packaging & Containers,800,405000000,336150003712
340,KEEN.JK,PT Kencana Energi Lestari Tbk,Kencana Energi Lestari Tbk.,Utilities,Utilities—Independent Power Producers,310,3666309888,1165886488576
341,KEJU.JK,PT Mulia Boga Raya Tbk,Mulia Boga Raya Tbk.,Consumer Defensive,Packaged Foods,1345,1500000000,2009999998976
342,KIAS.JK,PT Keramika Indonesia Assosiasi Tbk,Keramika Indonesia Assosiasi Tb,Industrials,Building Products & Equipment,52,425000000,821100478464
343,KICI.JK,PT Kedaung Indah Can Tbk,Kedaung Indah Can Tbk,Consumer Cyclical,"Furnishings, Fixtures & Appliances",244,276000000,66240000000
344,KIJA.JK,PT Kawasan Industri Jababeka Tbk,Kawasan Industri Jababeka Tbk.,Industrials,Conglomerates,182,711956992,3866462519296
345,KINO.JK,PT Kino Indonesia Tbk,Kino Indonesia Tbk.,Industrials,Conglomerates,2070,1428569984,3214282588160
346,KIOS.JK,PT Kioson Komersial Indonesia Tbk,Kioson Komersial Indonesia Tbk.,Technology,Software—Application,525,717240000,369378590720
347,KJEN.JK,PT Krida Jaringan Nusantara Tbk,Krida Jaringan Nusantara Tbk.,Industrials,Integrated Freight & Logistics,810,500000000,437499985920
348,KKGI.JK,PT Resource Alam Indonesia Tbk,Resource Alam Indonesia Tbk.,Energy,Thermal Coal,290,4693450240,1351713685504
349,KLBF.JK,PT Kalbe Farma Tbk.,Kalbe Farma Tbk.,Healthcare,Drug Manufacturers—General,1550,46872899584,72887356620800
350,KMTR.JK,PT Kirana Megatara Tbk,Kirana Megatara Tbk.,Consumer Cyclical,Auto Parts,408,8215370240,3351870963712
351,KOBX.JK,PT Kobexindo Tractors Tbk,Kobexindo Tractors Tbk.,Industrials,Farm & Heavy Construction Machinery,135,2272499968,293152489472
352,KOIN.JK,PT Kokoh Inti Arebama Tbk,Kokoh Inti Arebama Tbk,Industrials,Building Products & Equipment,150,980844032,144184066048
353,KONI.JK,PT Perdana Bangun Pusaka Tbk,Perdana Bangun Pusaka Tbk,Consumer Cyclical,Specialty Retail,270,152000000,41039998976
354,KOPI.JK,PT Mitra Energi Persada Tbk,Mitra Energi Persada Tbk.,Energy,Oil & Gas Refining & Marketing,565,697267008,397442187264
355,KOTA.JK,PT DMS Propertindo Tbk,DMS Propertindo Tbk.,Real Estate,Real Estate Services,420,10545999872,4344951865344
356,KPAL.JK,PT Steadfast Marine Tbk,Steadfast Marine Tbk.,Industrials,Aerospace & Defense,50,1069009984,53450498048
357,KPAS.JK,PT Cottonindo Ariesta Tbk,Cottonindo Ariesta Tbk.,Consumer Cyclical,Textile Manufacturing,77,768043008,59907354624
358,KPIG.JK,PT MNC Land Tbk,MNC Land Tbk.,Real Estate,Real Estate Services,113,80625696768,9110703570944
359,KRAH.JK,PT Grand Kartech Tbk,Grand Kartech Tbk.,Industrials,Specialty Industrial Machinery,436,971190016,423438843904
360,KRAS.JK,PT Krakatau Steel (Persero) Tbk,Krakatau Steel (Persero) Tbk.,Basic Materials,Steel,625,19346399232,12962087567360
361,KREN.JK,PT Kresna Graha Investama Tbk,Kresna Graha Investama Tbk.,Financial Services,Capital Markets,86,18205800448,1747756777472
362,LAND.JK,PT Trimitra Propertindo Tbk,Trimitra Propertindo Tbk.,Real Estate,Real Estate Services,102,2792620032,293225103360
363,LAPD.JK,PT Leyand International Tbk,Leyand International Tbk.,Utilities,Utilities—Independent Power Producers,50,3966350080,198317506560
364,LCGP.JK,PT Eureka Prima Jakarta Tbk,Eureka Prima Jakarta Tbk.,Real Estate,Real Estate—Development,0,5630000128,641820000256
365,LCKM.JK,PT LCK Global Kedaton Tbk,LCK Global Kedaton Tbk.,Communication Services,Telecom Services,254,1000000000,254000005120
366,LEAD.JK,PT Logindo Samudramakmur Tbk.,Logindo Samudramakmur Tbk.,Industrials,Marine Shipping,50,4033750016,201687498752
367,LIFE.JK,PT Asuransi Jiwa Sinarmas MSIG Tbk,Asuransi Jiwa Sinarmas MSIG Tbk,Financial Services,Insurance—Life,4200,2100000000,8819999506432
368,LINK.JK,PT Link Net Tbk,Link Net Tbk.,Communication Services,Telecom Services,3250,2751579904,9025181712384
369,LION.JK,PT Lion Metal Works Tbk,Lion Metal Works Tbk.,Industrials,Business Equipment & Supplies,360,520160000,187257602048
370,LMAS.JK,PT Limas Indonesia Makmur Tbk,Limas Indonesia Makmur Tbk,Technology,Electronics & Computer Distribution,50,787852032,39392600064
371,LMPI.JK,PT Langgeng Makmur Industri Tbk,Langgeng Makmur Industri Tbk.,Consumer Cyclical,"Furnishings, Fixtures & Appliances",124,1008520000,124047958016
372,LMSH.JK,PT Lionmesh Prima Tbk,Lionmesh Prima Tbk.,Industrials,Metal Fabrication,336,96000000,34368000000
373,LPCK.JK,PT Lippo Cikarang Tbk,Lippo Cikarang Tbk,Real Estate,Real Estate—Development,1235,2679600128,3403092066304
374,LPGI.JK,PT Lippo General Insurance Tbk,Lippo General Insurance Tbk.,Financial Services,Insurance—Diversified,3360,150000000,498000003072
375,LPIN.JK,PT Multi Prima Sejahtera Tbk,Multi Prima Sejahtera Tbk,Consumer Cyclical,Auto Parts,250,425000000,105400000512
376,LPKR.JK,PT Lippo Karawaci Tbk,Lippo Karawaci Tbk.,Real Estate,Real Estate—Development,202,70572900352,14679163273216
377,LPLI.JK,PT Star Pacific Tbk,Star Pacific Tbk,Communication Services,Publishing,138,157927008,161519337472
378,LPPF.JK,PT Matahari Department Store Tbk,Matahari Department Store Tbk.,Consumer Cyclical,Department Stores,1615,1396190,4136186150912
379,LPPS.JK,PT Lenox Pasifik Investama Tbk,Lenox Pasifik Investama Tbk.,Financial Services,Capital Markets,91,1109250048,230354255872
380,LRNA.JK,PT Eka Sari Lorena Transport Tbk,Eka Sari Lorena Transport Tbk.,Industrials,Railroads,189,350000000,65450000384
381,LSIP.JK,PT Perusahaan Perkebunan London Sumatra Indonesia Tbk,PP London Sumatra Indonesia Tbk,Consumer Defensive,Farm Products,1330,6819959808,9070546255872
382,LTLS.JK,PT Lautan Luas Tbk,Lautan Luas Tbk.,Basic Materials,Specialty Chemicals,500,1531500032,765750018048
383,LUCK.JK,PT Sentral Mitra Informatika Tbk,Sentral Mitra Informatika Tbk.,Technology,Computer Hardware,142,715750016,100920754176
384,MABA.JK,PT Marga Abhinaya Abadi Tbk,Marga Abhinaya Abadi Tbk.,Consumer Cyclical,Lodging,0,15365199872,768259981312
385,MAGP.JK,PT Multi Agro Gemilang Plantation Tbk,Multi Agro Gemilang Plantation ,Consumer Defensive,Farm Products,50,8999999488,449999962112
386,MAIN.JK,PT Malindo Feedmill Tbk,Malindo Feedmill Tbk.,Consumer Defensive,Farm Products,790,2238749952,1846968713216
387,MAMI.JK,"PT Mas Murni Indonesia, Tbk",Mas Murni Indonesia Tbk,Consumer Cyclical,Lodging,50,12305099776,615254982656
388,MAPA.JK,PT Map Aktif Adiperkasa Tbk,Map Aktif Adiperkasa Tbk.,Consumer Cyclical,Specialty Retail,2130,2850400000,5957336170496
389,MAPB.JK,PT. Map Boga Adiperkasa Tbk,MAP Boga Adiperkasa Tbk.,Consumer Cyclical,Restaurants,1375,2170919936,2985014853632
390,MAPI.JK,PT. Mitra Adiperkasa Tbk,Mitra Adiperkasa Tbk.,Consumer Cyclical,Department Stores,790,16539599872,13314377646080
391,MARI.JK,PT Mahaka Radio Integra Tbk,Mahaka Radio Integra Tbk.,Communication Services,Broadcasting,272,5252639744,1418212671488
392,MARK.JK,PT Mark Dynamics Indonesia Tbk,Mark Dynamics Indonesia Tbk.,Healthcare,Medical Instruments & Supplies,975,3800000000,3743000035328
393,MASA.JK,PT Multistrada Arah Sarana Tbk,Multistrada Arah Sarana Tbk.,Consumer Cyclical,Auto Parts,1360,9182950400,12488812789760
394,MAYA.JK,PT Bank Mayapada Internasional Tbk,Bank Mayapada Internasional Tbk,Financial Services,Banks—Regional,2450,648358976,28067617570816
395,MBAP.JK,PT Mitrabara Adiperdana Tbk,Mitrabara Adiperdana Tbk.,Energy,Thermal Coal,2670,1227270016,3276811010048
396,MBSS.JK,PT Mitrabahtera Segara Sejati Tbk,Mitrabahtera Segara Sejati Tbk.,Industrials,Marine Shipping,414,1750029952,731512504320
397,MBTO.JK,PT Martina Berto Tbk,Martina Berto Tbk.,Consumer Defensive,Household & Personal Products,112,1070000000,119839997952
398,MCAS.JK,PT M Cash Integrasi Tbk,M Cash Integrasi Tbk.,Industrials,Business Equipment & Supplies,5700,867932992,4621743423488
399,MCOR.JK,PT Bank China Construction Bank Indonesia Tbk,Bank China Construction Bank In,Financial Services,Banks—Regional,153,16631499776,2577882415104
400,MDIA.JK,PT Intermedia Capital Tbk,Intermedia Capital Tbk.,Communication Services,Broadcasting,67,39215501312,2588223209472
401,MDKA.JK,PT Merdeka Copper Gold Tbk,Merdeka Copper Gold Tbk.,Basic Materials,Other Industrial Metals & Mining,2300,21897601024,50364481011712
402,MDKI.JK,PT Emdeki Utama Tbk,Emdeki Utama Tbk.,Basic Materials,Specialty Chemicals,218,2530149888,561693261824
403,MDLN.JK,PT Modernland Realty Tbk,Modernland Realty Tbk.,Real Estate,Real Estate—Development,51,5527940096,609312309248
404,MDRN.JK,PT Modern Internasional Tbk,Modern Internasional Tbk.,Industrials,Business Equipment & Supplies,50,7632169984,381608493056
405,MEDC.JK,PT Medco Energi Internasional Tbk,Medco Energi Internasional Tbk.,Energy,Oil & Gas E&P,580,24996800512,14498144452608
406,MEGA.JK,PT Bank Mega Tbk,Bank Mega Tbk.,Financial Services,Banks—Regional,8700,6963769856,61803459510272
407,MERK.JK,PT Merck Tbk,Merck Tbk.,Healthcare,Drug Manufacturers—Specialty & Generic,3190,448000000,1429119959040
408,META.JK,PT Nusantara Infrastructure Tbk,Nusantara Infrastructure Tbk.,Industrials,Infrastructure Operations,144,14850199552,2153278996480
409,MFIN.JK,Pt Mandala Multifinance Tbk,Mandala Multifinance Tbk.,Financial Services,Credit Services,1085,2649999872,2875249917952
410,MFMI.JK,PT Multifiling Mitra Indonesia Tbk,Multifiling Mitra Indonesia Tbk,Industrials,Specialty Business Services,715,757580992,541670408192
411,MGNA.JK,PT Magna Investama Mandiri Tbk,Magna Investama Mandiri Tbk.,Financial Services,Credit Services,0,1003080000,50154000384
412,MGRO.JK,PT Mahkota Group Tbk,Mahkota Group Tbk.,Consumer Defensive,Packaged Foods,755,3525289984,2643967606784
413,MICE.JK,PT Multi Indocitra Tbk,Multi Indocitra Tbk.,Consumer Defensive,Household & Personal Products,292,591904000,172835962880
414,MIDI.JK,PT Midi Utama Indonesia Tbk,Midi Utama Indonesia Tbk.,Consumer Defensive,Discount Stores,2000,2882350080,5764700176384
415,MIKA.JK,PT Mitra Keluarga Karyasehat Tbk,Mitra Keluarga Karyasehat Tbk.,Healthcare,Medical Care Facilities,2570,14241000448,37311421087744
416,MINA.JK,PT Sanurhasta Mitra Tbk,Sanurhasta Mitra Tbk.,Consumer Cyclical,Lodging,79,6562500096,518437502976
417,MIRA.JK,PT Mitra International Resources Tbk,Mitra International Resources T,Energy,Oil & Gas Equipment & Services,50,3961449984,198072500224
418,MITI.JK,PT Mitra Investindo Tbk,Mitra Investindo Tbk.,Energy,Oil & Gas E&P,0,566358016,72210644992
419,MKNT.JK,PT Mitra Komunikasi Nusantara Tbk,Mitra Komunikasi Nusantara Tbk.,Technology,Communication Equipment,50,5000000000,249999998976
420,MKPI.JK,PT Metropolitan Kentjana Tbk,Metropolitan Kentjana Tbk.,Real Estate,Real Estate Services,27025,948193984,25624943001600
421,MLBI.JK,PT Multi Bintang Indonesia Tbk,Multi Bintang Indonesia Tbk.,Consumer Defensive,Beverages—Brewers,9150,2107000064,19173700796416
422,MLIA.JK,PT Mulia Industrindo Tbk,Mulia Industrindo Tbk,Industrials,Building Products & Equipment,620,1321059968,825662504960
423,MLPL.JK,PT Multipolar Tbk,Multipolar Tbk.,Consumer Cyclical,Department Stores,161,467942016,2269137862656
424,MLPT.JK,PT Multipolar Technology Tbk,Multipolar Technology Tbk.,Technology,Information Technology Services,1190,1875000064,2287500001280
425,MMLP.JK,PT Mega Manunggal Property Tbk,Mega Manunggal Property Tbk.,Real Estate,Real Estate Services,404,6889129984,2893434585088
426,MNCN.JK,PT. Media Nusantara Citra Tbk,Media Nusantara Citra Tbk.,Communication Services,Entertainment,940,13153800192,12956493414400
427,MOLI.JK,PT Madusari Murni Indah Tbk,Madusari Murni Indah Tbk.,Basic Materials,Chemicals,1200,2334889984,2685123428352
428,MPMX.JK,PT Mitra Pinasthika Mustika Tbk,Mitra Pinasthika Mustika Tbk.,Consumer Cyclical,Auto & Truck Dealerships,585,4310040064,2521373343744
429,MPOW.JK,PT Megapower Makmur Tbk,Megapower Makmur Tbk.,Utilities,Utilities—Independent Power Producers,99,816996992,80065708032
430,MPPA.JK,PT Matahari Putra Prima Tbk,Matahari Putra Prima Tbk.,Consumer Cyclical,Department Stores,484,7529149952,3583875481600
431,MPRO.JK,PT Maha Properti Indonesia Tbk,Maha Properti Indonesia Tbk.,Real Estate,Real Estate—Development,705,9942500352,6661475401728
432,MRAT.JK,PT Mustika Ratu Tbk,Mustika Ratu Tbk.,Consumer Defensive,Household & Personal Products,220,428000000,94160003072
433,MREI.JK,PT Maskapai Reasuransi Indonesia Tbk,Maskapai Reasuransi Indonesia T,Financial Services,Insurance—Reinsurance,4800,517792000,2485401681920
434,MSIN.JK,PT. MNC Studios International Tbk.,MNC Studios International Tbk.,Communication Services,Entertainment,156,10362099712,1606125486080
435,MSKY.JK,PT MNC Sky Vision Tbk,MNC Sky Vision Tbk.,Communication Services,Entertainment,670,9971850240,6631280607232
436,MTDL.JK,P.T. Metrodata Electronics Tbk,Metrodata Electronics Tbk.,Technology,Electronics & Computer Distribution,1615,2455379968,3965438656512
437,MTFN.JK,PT Capitalinc Investment Tbk,Capitalinc Investment Tbk.,Financial Services,Asset Management,50,96300000,1592104976384
438,MTLA.JK,PT Metropolitan Land Tbk,Metropolitan Land Tbk.,Real Estate,Real Estate Services,430,7655130112,3291706032128
439,MTPS.JK,PT Meta Epsi Tbk.,Meta Epsi Tbk.,Industrials,Engineering & Construction,122,2084850048,264775958528
440,MTRA.JK,PT Mitra Pemuda Tbk,Mitra Pemuda Tbk.,Industrials,Engineering & Construction,0,770000000,187879997440
441,MTSM.JK,PT Metro Realty Tbk,Metro Realty Tbk.,Real Estate,Real Estate Services,192,232848000,44706816000
442,MTWI.JK,PT Malacca Trust Wuwungan Insurance Tbk,Malacca Trust Wuwungan Insuranc,Financial Services,Insurance—Diversified,101,1525820032,157159456768
443,MYOH.JK,PT Samindo Resources Tbk,Samindo Resources Tbk.,Energy,Thermal Coal,1365,2206309888,3011613032448
444,MYOR.JK,PT Mayora Indah Tbk,Mayora Indah Tbk.,Consumer Defensive,Packaged Foods,2530,22358700032,57014684221440
445,MYRX.JK,PT Hanson International Tbk,Hanson International Tbk.,Real Estate,Real Estate—Development,0,3503500032,4335160000512
446,MYTX.JK,PT Asia Pacific Investama Tbk,Asia Pacific Investama Tbk.,Consumer Cyclical,Textile Manufacturing,79,534667008,782475264000
447,NASA.JK,PT Ayana Land International Tbk,Andalan Perkasa Abadi Tbk.,Real Estate,Real Estate Services,104,11004900352,1144509693952
448,NATO.JK,PT Surya Permata Andalan Tbk,Surya Permata Andalan Tbk.,Consumer Cyclical,Lodging,565,8001090048,4440605065216
449,NELY.JK,PT Pelayaran Nelly Dwi Putri Tbk,Pelayaran Nelly Dwi Putri Tbk.,Industrials,Marine Shipping,141,2350000128,331350016000
450,NFCX.JK,PT NFC Indonesia Tbk,NFC Indonesia Tbk.,Communication Services,Internet Content & Information,2280,662412032,1589788934144
451,NICK.JK,PT Charnic Capital Tbk,Charnic Capital Tbk.,Real Estate,Real Estate Services,276,651150016,179717406720
452,NIKL.JK,PT Pelat Timah Nusantara Tbk,Pelat Timah Nusantara Tbk.,Industrials,Metal Fabrication,1085,2523350016,2775685005312
453,NIPS.JK,PT Nipress Tbk,Nipress Tbk.,Consumer Cyclical,Auto Parts,0,,
454,NIRO.JK,PT City Retail Developments Tbk,City Retail Developments Tbk.,Real Estate,Real Estate Services,140,22198900736,2952453685248
455,NISP.JK,PT Bank OCBC NISP Tbk,Bank OCBC NISP Tbk.,Financial Services,Banks—Regional,880,22945300480,19962412400640
456,NOBU.JK,PT Bank Nationalnobu Tbk,Bank Nationalnobu Tbk.,Financial Services,Banks—Regional,850,4437910016,3794413027328
457,NRCA.JK,PT Nusa Raya Cipta Tbk,Nusa Raya Cipta Tbk.,Industrials,Engineering & Construction,334,2417080064,816973086720
458,NUSA.JK,PT Sinergi Megah Internusa Tbk,Sinergi Megah Internusa Tbk.,Consumer Cyclical,Lodging,50,7699999744,384999981056
459,NZIA.JK,"PT Nusantara Almazia, Tbk.",Nusantara Almazia Tbk.,Real Estate,Real Estate—Development,212,2197540096,479063736320
460,OASA.JK,PT Protech Mitra Perkasa Tbk,Protech Mitra Perkasa Tbk.,Industrials,Engineering & Construction,318,358600000,117620801536
461,OCAP.JK,PT Onix Capital Tbk,Onix Capital Tbk.,Financial Services,Capital Markets,159,273200000,43438800896
462,OKAS.JK,PT Ancora Indonesia Resources Tbk,Ancora Indonesia Resources Tbk.,Basic Materials,Chemicals,93,1765929984,165997412352
463,OMRE.JK,PT Indonesia Prima Property Tbk,Indonesia Prima Property Tbk,Real Estate,Real Estate Services,525,1744999936,1142974971904
464,OPMS.JK,PT Optima Prima Metal Sinergi Tbk,Optima Prima Metal Sinergi Tbk.,Industrials,Waste Management,620,1000000000,580000022528
465,PADI.JK,PT Minna Padi Investama Sekuritas Tbk,Minna Padi Investama Sekuritas ,Financial Services,Asset Management,50,11307200512,565360001024
466,PALM.JK,PT Provident Agro Tbk,Provident Agro Tbk.,Consumer Defensive,Farm Products,318,7075840000,2235965374464
467,PAMG.JK,PT Bima Sakti Pertiwi Tbk,Bima Sakti Pertiwi Tbk.,Real Estate,Real Estate—Diversified,85,3124999936,278124986368
468,PANI.JK,PT Pratama Abadi Nusa Industri Tbk,Pratama Abadi Nusa Industri Tbk,Consumer Defensive,Packaged Foods,104,410000000,42639998976
469,PANR.JK,PT Panorama Sentrawisata Tbk,Panorama Sentrawisata Tbk.,Consumer Cyclical,Travel Services,147,1200000000,178800001024
470,PANS.JK,PT  Panin Sekuritas Tbk,Panin Sekuritas Tbk.,Financial Services,Capital Markets,1180,714580992,853924315136
471,PBID.JK,PT Panca Budi Idaman Tbk,Panca Budi Idaman Tbk.,Consumer Cyclical,Packaging & Containers,1595,1875000064,3000000053248
472,PBRX.JK,PT Pan Brothers Tbk,Pan Brothers Tbk.,Consumer Cyclical,Apparel Manufacturing,164,6478300160,1088354451456
473,PBSA.JK,PT Paramita Bangun Sarana Tbk,Paramita Bangun Sarana Tbk.,Industrials,Engineering & Construction,525,1500000000,787499974656
474,PCAR.JK,PT Prima Cakrawala Abadi Tbk,Prima Cakrawala Abadi Tbk.,Consumer Defensive,Packaged Foods,232,1166669952,275334103040
475,PDES.JK,PT Destinasi Tirta Nusantara Tbk,Destinasi Tirta Nusantara Tbk,Consumer Cyclical,Travel Services,316,715000000,220219998208
476,PEGE.JK,PT Panca Global Kapital Tbk,Panca Global Kapital Tbk.,Financial Services,Capital Markets,130,2833420032,368344596480
477,PEHA.JK,"PT Phapros, Tbk",Phapros Tbk.,Healthcare,Drug Manufacturers—Specialty & Generic,1240,840000000,1033200009216
478,PGAS.JK,PT Perusahaan Gas Negara Tbk,Perusahaan Gas Negara Tbk.,Utilities,Utilities—Regulated Gas,1300,24241500160,31392742244352
479,PGJO.JK,PT Tourindo Guide Indonesia Tbk,Tourindo Guide Indonesia Tbk.,Consumer Cyclical,Travel Services,51,422598016,21552498688
480,PGLI.JK,PT Pembangunan Graha Lestari Indah Tbk,Pembangunan Graha Lestari Indah,Consumer Cyclical,Lodging,208,488000000,100527996928
481,PICO.JK,PT Pelangi Indah Canindo Tbk,Pelangi Indah Canindo Tbk,Consumer Cyclical,Packaging & Containers,130,568374976,75593875456
482,PJAA.JK,PT Pembangunan Jaya Ancol Tbk,Pembangunan Jaya Ancol Tbk.,Consumer Cyclical,Leisure,550,1600000000,896000000000
483,PKPK.JK,PT Perdana Karya Perkasa Tbk,Perdana Karya Perkasa Tbk,Industrials,Engineering & Construction,70,539369024,37755830272
484,PLAS.JK,PT Polaris Investama Tbk,Polaris Investama Tbk,Financial Services,Capital Markets,0,25000000,59209998336
485,PLIN.JK,PT Plaza Indonesia Realty Tbk,Plaza Indonesia Realty Tbk.,Real Estate,Real Estate Services,2450,3535749888,8662587277312
486,PMJS.JK,PT Putra Mandiri Jembar Tbk,Putra Mandiri Jembar Tbk.,Consumer Cyclical,Auto & Truck Dealerships,122,13755599872,1705694330880
487,PNBN.JK,P.T. Bank Pan Indonesia Tbk,Bank Pan Indonesia Tbk,Financial Services,Banks—Regional,1020,24081500160,24563129778176
488,PNBS.JK,PT Bank Panin Dubai Syariah Tbk,Bank Panin Dubai Syariah Tbk.,Financial Services,Banks—Regional,95,23958999040,2635489869824
489,PNIN.JK,PT Paninvest Tbk,Paninvest Tbk.,Financial Services,Insurance—Life,790,4068320000,3173289558016
490,PNLF.JK,PT Panin Financial Tbk,Panin Financial Tbk.,Financial Services,Insurance—Life,202,32022099968,6532508418048
491,PNSE.JK,PT Pudjiadi and Sons Tbk,Pudjiadi & Sons Tbk.,Consumer Cyclical,Resorts & Casinos,402,797814016,335081897984
492,POLA.JK,PT Pool Advista Finance Tbk,Pool Advista Finance Tbk.,Financial Services,Credit Services,120,3349580032,428746244096
493,POLI.JK,"PT Pollux Investasi Internasional, Tbk",Pollux Investasi Internasional ,Real Estate,Real Estate—Development,1205,2010530048,2714215645184
494,POLL.JK,PT Pollux Properti Indonesia Tbk,Pollux Properti Indonesia Tbk.,Real Estate,Real Estate—Development,3240,8318819840,29115868512256
495,POLU.JK,"PT Golden Flower, Tbk",Golden Flower Tbk.,Consumer Cyclical,Apparel Manufacturing,486,750000000,343499997184
496,POLY.JK,PT Asia Pacific Fibers Tbk,Asia Pacific Fibers Tbk,Basic Materials,Specialty Chemicals,70,2495749888,177198235648
497,POOL.JK,PT. Pool Advista Indonesia Tbk,Pool Advista Indonesia Tbk.,Consumer Defensive,Education & Training Services,50,2341370112,117068505088
498,PORT.JK,PT Nusantara Pelabuhan Handal Tbk,Nusantara Pelabuhan Handal Tbk.,Industrials,Marine Shipping,434,2813939968,1238133637120
499,POSA.JK,PT Bliss Properti Indonesia Tbk,Bliss Properti Indonesia Tbk.,Real Estate,Real Estate Services,50,8388870144,419443507200
500,POWR.JK,PT Cikarang Listrindo Tbk,Cikarang Listrindo Tbk.,Utilities,Utilities—Regulated Electric,685,15748400128,11023879766016
501,PPRE.JK,PT PP Presisi Tbk,PP Presisi Tbk.,Industrials,Engineering & Construction,191,10116200448,1982775296000
502,PPRO.JK,PT Pembangunan Perumahan Properti Tbk,PP Properti Tbk.,Real Estate,Real Estate—Development,68,61675700224,4502326345728
503,PRAS.JK,PT. Prima Alloy Steel Universal Tbk.,Prima Alloy Steel Universal Tbk,Consumer Cyclical,Auto Parts,146,701043008,98847064064
504,PRDA.JK,PT Prodia Widyahusada Tbk,Prodia Widyahusada Tbk.,Healthcare,Diagnostics & Research,4100,937500032,3871875006464
505,PRIM.JK,PT Royal Prima Tbk,Royal Prima Tbk.,Healthcare,Medical Care Facilities,179,3393430016,600637112320
506,PSAB.JK,PT J Resources Asia Pasifik Tbk,J Resources Asia Pasifik Tbk.,Basic Materials,Gold,199,26460000256,5265540251648
507,PSDN.JK,PT Prasidha Aneka Niaga Tbk,Prasidha Aneka Niaga Tbk,Consumer Defensive,Packaged Foods,165,1440000000,236159991808
508,PSGO.JK,PT Palma Serasih Tbk,Palma Serasih Tbk.,Consumer Defensive,Farm Products,128,18850000896,2639000240128
509,PSKT.JK,PT Red Planet Indonesia Tbk,Red Planet Indonesia Tbk.,Consumer Cyclical,Lodging,50,10351200256,517560008704
510,PSSI.JK,PT Pelita Samudera Shipping Tbk,Pelita Samudera Shipping Tbk.,Industrials,Marine Shipping,230,5417059840,1245923770368
511,PTBA.JK,PT Bukit Asam Tbk,Bukit Asam Tbk.,Energy,Thermal Coal,2520,11184100352,28407614144512
512,PTIS.JK,PT Indo Straits Tbk,Indo Straits Tbk.,Industrials,Marine Shipping,280,550164992,192557744128
513,PTPP.JK,PT PP (Persero) Tbk,PP (Persero) Tbk.,Industrials,Engineering & Construction,1280,6199900160,8121869139968
514,PTPW.JK,PT Pratama Widya Tbk,Pratama Widya Tbk.,Industrials,Engineering & Construction,1330,878188032,1159208239104
515,PTRO.JK,PT Petrosea Tbk,Petrosea Tbk.,Basic Materials,Other Industrial Metals & Mining,1980,991664000,1973411381248
516,PTSN.JK,PT Sat Nusapersada Tbk,Sat Nusapersada Tbk,Technology,Electronic Components,214,5314339840,1116011364352
517,PTSP.JK,PT Pioneerindo Gourmet International Tbk,Pioneerindo Gourmet Internation,Consumer Cyclical,Restaurants,5125,220808000,1131641044992
518,PUDP.JK,PT Pudjiadi Prestige Tbk,Pudjiadi Prestige Tbk.,Real Estate,Real Estate Services,282,329560000,96890642432
519,PURA.JK,PT Putra Rajawali Kencana Tbk,Putra Rajawali Kencana Tbk.,Industrials,Trucking,103,5656330240,582601998336
520,PURE.JK,PT Trinitan Metals and Minerals Tbk,Trinitan Metals and Minerals Tb,Industrials,Specialty Industrial Machinery,109,1333330048,167999586304
521,PWON.JK,PT Pakuwon Jati Tbk,Pakuwon Jati Tbk.,Real Estate,Real Estate Services,545,48159600640,26006184263680
522,PYFA.JK,PT Pyridam Farma Tbk,Pyridam Farma Tbk,Healthcare,Drug Manufacturers—Specialty & Generic,1055,535080000,569860227072
523,PZZA.JK,PT Sarimelati Kencana Tbk.,Sarimelati Kencana Tbk.,Consumer Cyclical,Restaurants,805,3005489920,2434446917632
524,RAJA.JK,PT Rukun Raharja Tbk,Rukun Raharja Tbk.,Utilities,Utilities—Regulated Gas,260,4227079936,1073678319616
525,RALS.JK,PT Ramayana Lestari Sentosa Tbk,Ramayana Lestari Sentosa Tbk.,Consumer Cyclical,Department Stores,795,6742479872,5360271753216
526,RANC.JK,PT Supra Boga Lestari Tbk,Supra Boga Lestari Tbk.,Consumer Defensive,Grocery Stores,482,1564489984,763471134720
527,RBMS.JK,PT Ristia Bintang Mahkotasejati Tbk,Ristia Bintang Mahkotasejati Tb,Real Estate,Real Estate—Development,58,2655849984,169974398976
528,RDTX.JK,PT Roda Vivatex Tbk,Roda Vivatex Tbk,Real Estate,Real Estate Services,6850,268800000,1881600032768
529,REAL.JK,PT Repower Asia Indonesia Tbk,Repower Asia Indonesia Tbk.,Real Estate,Real Estate—Development,50,6632640000,331631984640
530,RELI.JK,PT Reliance Sekuritas Indonesia Tbk,Reliance Sekuritas Indonesia Tb,Financial Services,Capital Markets,350,1800000000,586799972352
531,RICY.JK,PT Ricky Putra Globalindo Tbk,Ricky Putra Globalindo Tbk,Consumer Cyclical,Apparel Manufacturing,91,641718016,59679776768
532,RIGS.JK,PT Rig Tenders Indonesia Tbk,Rig Tenders Indonesia Tbk.,Industrials,Marine Shipping,230,609129984,140099895296
533,RIMO.JK,PT Rimo International Lestari Tbk,Rimo International Lestari Tbk,Real Estate,Real Estate—Development,0,340000000,2202480148480
534,RISE.JK,PT Jaya Sukses Makmur Sentosa Tbk,Jaya Sukses Makmur Sentosa Tbk.,Real Estate,Real Estate—Development,430,9950000128,4278499934208
535,RMBA.JK,PT Bentoel Internasional Investama Tbk,Bentoel Internasional Investama,Consumer Defensive,Tobacco,302,36401098752,10920329740288
536,RODA.JK,PT Pikko Land Development Tbk,Pikko Land Development Tbk.,Real Estate,Real Estate—Development,74,13592099840,1345617920000
537,ROTI.JK,PT Nippon Indosari Corpindo Tbk,Nippon Indosari Corpindo Tbk.,Consumer Defensive,Packaged Foods,1360,6186489856,8351761563648
538,RUIS.JK,PT Radiant Utama Interinsco Tbk,Radiant Utama Interinsco Tbk.,Energy,Oil & Gas Equipment & Services,278,770000000,207900000256
539,SAFE.JK,PT Steady Safe Tbk,Steady Safe Tbk,Industrials,Railroads,210,615145024,134101614592
540,SAME.JK,PT Sarana Meditama Metropolitan Tbk,Sarana Meditama Metropolitan Tb,Healthcare,Medical Care Facilities,510,8004890112,4122518487040
541,SAPX.JK,PT Satria Antaran Prima Tbk,Satria Antaran Prima Tbk.,Industrials,Integrated Freight & Logistics,810,833332992,674999697408
542,SATU.JK,PT Kota Satu Properti Tbk,Kota Satu Properti Tbk.,Real Estate,Real Estate—Development,63,1250000000,81250000896
543,SCCO.JK,PT Supreme Cable Manufacturing & Commerce Tbk,Supreme Cable Manufacturing & C,Industrials,Electrical Equipment & Parts,11300,205583008,2323087884288
544,SCMA.JK,PT Surya Citra Media Tbk,Surya Citra Media Tbk.,Communication Services,Broadcasting,1790,12650699776,22581499396096
545,SDMU.JK,PT Sidomulyo Selaras Tbk,Sidomulyo Selaras Tbk.,Industrials,Trucking,50,1135219968,56760999936
546,SDPC.JK,PT Millennium Pharmacon International Tbk,Millennium Pharmacon Internatio,Healthcare,Medical Distribution,126,1274000000,157976002560
547,SDRA.JK,PT Bank Woori Saudara Indonesia 1906 Tbk,Bank Woori Saudara Indonesia 19,Financial Services,Banks—Regional,725,6580930048,4804078731264
548,SFAN.JK,PT Surya Fajar Capital Tbk,Surya Fajar Capital Tbk.,Financial Services,Asset Management,1280,1359920000,1747509968896
549,SGRO.JK,PT Sampoerna Agro Tbk,Sampoerna Agro Tbk.,Consumer Defensive,Farm Products,1750,1818620032,3182585184256
550,SHID.JK,PT Hotel Sahid Jaya International Tbk,Hotel Sahid Jaya International ,Consumer Cyclical,Lodging,2240,1119330048,2462526210048
551,SHIP.JK,PT Sillo Maritime Perdana Tbk,Sillo Maritime Perdana Tbk.,Energy,Oil & Gas Equipment & Services,645,2719790080,1754264633344
552,SIDO.JK,PT Industri Jamu dan Farmasi Sido Muncul Tbk,Industri Jamu dan Farmasi Sido ,Healthcare,Drug Manufacturers—Specialty & Generic,780,29770199040,23369607020544
553,SILO.JK,PT Siloam International Hospitals Tbk,Siloam International Hospitals ,Healthcare,Medical Care Facilities,5800,1615769984,9613831307264
554,SIMA.JK,PT Siwani Makmur Tbk,Siwani Makmur Tbk,Consumer Cyclical,Packaging & Containers,0,442590016,22129500160
555,SIMP.JK,PT Salim Ivomas Pratama Tbk,Salim Ivomas Pratama Tbk.,Consumer Defensive,Farm Products,510,15501299712,7905662730240
556,SINI.JK,PT Singaraja Putra Tbk,Singaraja Putra Tbk.,Basic Materials,Lumber & Wood Production,352,451776992,159025496064
557,SIPD.JK,PT Sreeya Sewu Indonesia Tbk,Sreeya Sewu Indonesia Tbk.,Consumer Defensive,Farm Products,1475,7310000,1975172595712
558,SKBM.JK,PT Sekar Bumi Tbk,Sekar Bumi Tbk.,Consumer Defensive,Packaged Foods,390,1726000000,628264009728
559,SKLT.JK,PT Sekar Laut Tbk,Sekar Laut Tbk.,Consumer Defensive,Packaged Foods,2150,621665984,1349015175168
560,SKRN.JK,PT Superkrane Mitra Utama Tbk,Superkrane Mitra Utama Tbk.,Industrials,Rental & Leasing Services,860,1500000000,1199999942656
561,SKYB.JK,PT Northcliff Citranusa Indonesia Tbk,Northcliff Citranusa Indonesia ,Communication Services,Telecom Services,0,585000000,29834999808
562,SLIS.JK,PT Gaya Abadi Sempurna Tbk,Gaya Abadi Sempurna Tbk.,Technology,Electronics & Computer Distribution,7050,2000000000,14199999692800
563,SMAR.JK,PT Sinar Mas Agro Resources and Technology Tbk,Smart Tbk.,Consumer Defensive,Farm Products,3840,2872189952,11057931223040
564,SMBR.JK,PT Semen Baturaja (Persero) Tbk,Semen Baturaja (Persero) Tbk.,Basic Materials,Building Materials,855,9932529664,8641300660224
565,SMCB.JK,PT Solusi Bangun Indonesia Tbk,Solusi Bangun Indonesia Tbk.,Basic Materials,Building Materials,1720,7662900224,14367937527808
566,SMDM.JK,PT Suryamas Dutamakmur Tbk,Suryamas Dutamakmur Tbk.,Real Estate,Real Estate—Development,103,4772140032,491530420224
567,SMDR.JK,PT Samudera Indonesia Tbk,Samudera Indonesia  Tbk.,Industrials,Marine Shipping,294,3275120128,962885320704
568,SMGR.JK,PT Semen Indonesia (Persero) Tbk,Semen Indonesia (Persero) Tbk.,Basic Materials,Building Materials,10350,5931520000,60798080647168
569,SMKL.JK,PT Satyamitra Kemas Lestari Tbk,Satyamitra Kemas Lestari Tbk.,Consumer Cyclical,Packaging & Containers,200,3400000000,676600020992
570,SMMA.JK,PT Sinar Mas Multiartha Tbk,Sinarmas Multiartha Tbk.,Financial Services,Financial Conglomerates,14350,142474000,91057534533632
571,SMMT.JK,PT Golden Eagle Energy Tbk,Golden Eagle Energy Tbk.,Energy,Thermal Coal,97,3150000128,315000029184
572,SMRA.JK,PT Summarecon Agung Tbk,Summarecon Agung Tbk.,Real Estate,Real Estate—Development,975,14426800128,14138263732224
573,SMRU.JK,PT SMR Utama Tbk,SMR Utama Tbk.,Energy,Thermal Coal,0,12499399680,624969973760
574,SMSM.JK,PT Selamat Sempurna Tbk,Selamat Sempurna Tbk.,Consumer Cyclical,Auto Parts,1330,5758680064,7687837843456
575,SOCI.JK,PT Soechi Lines Tbk,Soechi Lines Tbk.,Industrials,Marine Shipping,208,7058999808,1496508006400
576,SONA.JK,PT Sona Topas Tourism Industry Tbk,Sona Topas Tourism Industry Tbk,Consumer Cyclical,Travel Services,5325,331200000,1763639951360
577,SOSS.JK,PT Shield on Service Tbk,Shield On Service Tbk.,Industrials,Staffing & Employment Services,410,656968000,262787203072
578,SOTS.JK,PT Satria Mega Kencana Tbk,Satria Mega Kencana Tbk.,Consumer Cyclical,Lodging,396,1000000000,399999991808
579,SPMA.JK,PT Suparma Tbk,Suparma Tbk.,Basic Materials,Paper & Paper Products,396,2114569984,845827997696
580,SPTO.JK,PT Surya Pertiwi Tbk,Surya Pertiwi Tbk.,Consumer Cyclical,"Furnishings, Fixtures & Appliances",476,2700000000,1312200065024
581,SQMI.JK,PT Wilton Makmur indonesia Tbk,Wilton Makmur Indonesia Tbk.,Basic Materials,Gold,328,15537600512,5065257517056
582,SRAJ.JK,PT Sejahteraraya Anugrahjaya Tbk,Sejahteraraya Anugrahjaya Tbk.,Healthcare,Medical Care Facilities,175,12000700416,2172126756864
583,SRIL.JK,PT Sri Rejeki Isman Tbk,Sri Rejeki Isman Tbk.,Consumer Cyclical,Textile Manufacturing,191,20452200448,4090440187904
584,SRSN.JK,PT Indo Acidatama Tbk,Indo Acidatama Tbk,Basic Materials,Chemicals,61,6019999744,397319995392
585,SRTG.JK,PT Saratoga Investama Sedaya Tbk,Saratoga Investama Sedaya Tbk.,Financial Services,Asset Management,5575,2693900032,14883798122496
586,SSIA.JK,PT Surya Semesta Internusa Tbk,Surya Semesta Internusa Tbk.,Industrials,Engineering & Construction,484,4548539904,2246978830336
587,SSMS.JK,PT Sawit Sumbermas Sarana Tbk.,Sawit Sumbermas Sarana Tbk.,Consumer Defensive,Farm Products,965,9525000192,9239250599936
588,SSTM.JK,PT Sunson Textile Manufacturer Tbk,Sunson Textile Manufacture Tbk,Consumer Cyclical,Textile Manufacturing,498,1170909952,583113179136
589,STAR.JK,PT Buana Artha Anugerah Tbk,Buana Artha Anugerah Tbk.,Consumer Cyclical,Textile Manufacturing,104,4800000000,503999987712
590,STTP.JK,PT Siantar Top Tbk,Siantar Top Tbk.,Consumer Defensive,Packaged Foods,7225,1310000000,9464750014464
591,SUGI.JK,PT Sugih Energy Tbk,Sugih Energy Tbk.,Energy,Oil & Gas E&P,0,,
592,SULI.JK,PT SLJ Global Tbk,SLJ Global Tbk.,Basic Materials,Lumber & Wood Production,50,3986919936,199345995776
593,SUPR.JK,PT Solusi Tunas Pratama Tbk,Solusi Tunas Pratama Tbk.,Technology,Communication Equipment,5350,1137580032,6256689938432
594,SURE.JK,PT Super Energy Tbk,Super Energy Tbk.,Energy,Oil & Gas Integrated,2080,1497580032,3070039162880
595,SWAT.JK,PT Sriwahana Adityakarta Tbk,Sriwahana Adityakarta Tbk.,Consumer Cyclical,Packaging & Containers,96,3019200000,301919993856
596,TALF.JK,PT Tunas Alfin Tbk,Tunas Alfin Tbk.,Consumer Cyclical,Packaging & Containers,298,1353440000,468290240512
597,TAMA.JK,PT Lancartama Sejati Tbk,Lancartama Sejati Tbk.,Real Estate,Real Estate—Development,60,1000000000,60000002048
598,TAMU.JK,PT Pelayaran Tamarin Samudra Tbk,Pelayaran Tamarin Samudra Tbk.,Industrials,Marine Shipping,50,37499998208,1874999902208
599,TARA.JK,PT Sitara Propertindo Tbk,Agung Semesta Sejahtera Tbk.,Real Estate,Real Estate—Diversified,50,10069600256,503480025088
600,TAXI.JK,PT Express Transindo Utama Tbk,Express Transindo Utama Tbk.,Industrials,Railroads,50,6145600000,307279986688
601,TBIG.JK,PT Tower Bersama Infrastructure Tbk,Tower Bersama Infrastructure Tb,Communication Services,Telecom Services,2110,21631100928,45857932050432
602,TBLA.JK,PT Tunas Baru Lampung Tbk,Tunas Baru Lampung Tbk.,Consumer Defensive,Farm Products,910,5276850176,4854702407680
603,TBMS.JK,PT Tembaga Mulia Semanan Tbk,Tembaga Mulia Semanan Tbk.,Industrials,Metal Fabrication,1045,367340000,383870304256
604,TCID.JK,PT. Mandom Indonesia Tbk,Mandom Indonesia Tbk.,Consumer Defensive,Household & Personal Products,6350,201067008,1276775497728
605,TCPI.JK,PT Transcoal Pacific Tbk,TRANSCOAL PACIFIC TBK,Industrials,Marine Shipping,8000,5000000000,37624999837696
606,TDPM.JK,PT Tridomain Performance Materials Tbk,Tridomain Performance Materials,Basic Materials,Specialty Chemicals,116,10485099520,1258211901440
607,TEBE.JK,PT Dana Brata Luhur,Dana Brata Luhur Tbk.,Industrials,Infrastructure Operations,350,1284999936,431759982592
608,TELE.JK,PT Tiphone Mobile Indonesia Tbk,Tiphone Mobile Indonesia Tbk.,Consumer Cyclical,Specialty Retail,121,7302190080,883565002752
609,TFAS.JK,PT Telefast Indonesia Tbk,Telefast Indonesia Tbk.,Industrials,Staffing & Employment Services,1690,1666669952,2700005343232
610,TFCO.JK,PT Tifico Fiber Indonesia Tbk,Tifico Fiber Indonesia Tbk.,Consumer Cyclical,Textile Manufacturing,555,4823079936,2508001640448
611,TGKA.JK,PT Tigaraksa Satria Tbk,Tigaraksa Satria Tbk.,Consumer Defensive,Food Distribution,8075,918492992,7807190433792
612,TGRA.JK,PT. Terregra Asia Energy Tbk,Terregra Asia Energy Tbk.,Utilities,Utilities—Renewable,126,2750000128,376750014464
613,TIFA.JK,PT KDB Tifa Finance Tbk,KDB Tifa Finance Tbk.,Financial Services,Credit Services,1705,1079699968,1840888414208
614,TINS.JK,PT TIMAH Tbk,Timah Tbk.,Basic Materials,Other Industrial Metals & Mining,1590,7447750144,12065354809344
615,TIRA.JK,PT Tira Austenite Tbk,Tira Austenite Tbk,Industrials,Industrial Distribution,262,588000000,155231993856
616,TIRT.JK,PT Tirta Mahakam Resources Tbk,Tirta Mahakam Resources Tbk,Basic Materials,Lumber & Wood Production,50,1011769984,50588499968
617,TKIM.JK,PT Pabrik Kertas Tjiwi Kimia Tbk,Pabrik Kertas Tjiwi Kimia Tbk.,Basic Materials,Paper & Paper Products,11200,3113220096,35412877770752
618,TLKM.JK,Perusahaan Perseroan (Persero) PT Telekomunikasi Indonesia Tbk,Telkom Indonesia (Persero) Tbk.,Communication Services,Telecom Services,3400,99062202368,335820875628544
619,TMAS.JK,PT Temas Tbk.,Temas Tbk.,Industrials,Marine Shipping,147,5705149952,884298219520
620,TMPO.JK,PT Tempo Inti Media Tbk,Tempo Intimedia Tbk.,Communication Services,Publishing,140,1058329984,143932882944
621,TNCA.JK,PT Trimuda Nuansa Citra Tbk,Trimuda Nuansa Citra Tbk.,Industrials,Integrated Freight & Logistics,366,421640000,155163525120
622,TOBA.JK,PT TBS Energi Utama Tbk,TBS Energi Utama Tbk.,Energy,Thermal Coal,488,8049959936,3960580341760
623,TOPS.JK,PT Totalindo Eka Persada Tbk,Totalindo Eka Persada Tbk.,Industrials,Engineering & Construction,50,33329999872,1666500001792
624,TOTL.JK,PT Total Bangun Persada Tbk,Total Bangun Persada Tbk.,Industrials,Engineering & Construction,346,3409999872,1193499951104
625,TOTO.JK,PT Surya Toto Indonesia Tbk,Surya Toto Indonesia Tbk.,Industrials,Building Products & Equipment,214,10320000000,2208480100352
626,TOWR.JK,PT Sarana Menara Nusantara Tbk.,Sarana Menara Nusantara Tbk.,Communication Services,Telecom Services,1095,50100400128,54358934814720
627,TPIA.JK,PT. Chandra Asri Petrochemical Tbk,Chandra Asri Petrochemical Tbk.,Basic Materials,Specialty Chemicals,10950,17833500672,197951855001600
628,TPMA.JK,PT Trans Power Marine Tbk,Trans Power Marine Tbk.,Industrials,Marine Shipping,1015,2633299968,2672799514624
629,TRAM.JK,PT Trada Alam Minera Tbk,Trada Alam Minera Tbk.,Industrials,Marine Shipping,0,49643601920,2482180194304
630,TRIL.JK,PT Triwira Insanlestari Tbk,Triwira Insanlestari Tbk.,Industrials,Industrial Distribution,0,,
631,TRIM.JK,PT Trimegah Sekuritas Indonesia Tbk,Trimegah Sekuritas Indonesia Tb,Financial Services,Capital Markets,126,7109300224,867334619136
632,TRIN.JK,PT Perintis Triniti Properti Tbk,Perintis Triniti Properti Tbk.,Real Estate,Real Estate—Development,168,4373329920,765332750336
633,TRIO.JK,PT Trikomsel Oke Tbk,Trikomsel Oke Tbk.,Technology,Consumer Electronics,0,,
634,TRIS.JK,PT Trisula International Tbk,Trisula International Tbk.,Consumer Cyclical,Apparel Manufacturing,104,3140780032,326641123328
635,TRST.JK,PT Trias Sentosa Tbk,Trias Sentosa Tbk.,Consumer Cyclical,Packaging & Containers,420,2808000000,1201823940608
636,TRUK.JK,PT Guna Timur Raya Tbk,Guna Timur Raya Tbk.,Industrials,Trucking,186,435000000,75254996992
637,TRUS.JK,PT. Trust Finance Indonesia Tbk,Trust Finance Indonesia Tbk,Financial Services,Credit Services,286,800000000,231999995904
638,TSPC.JK,PT Tempo Scan Pacific Tbk,Tempo Scan Pacific Tbk.,Healthcare,Drug Manufacturers—Specialty & Generic,1550,4499999744,7019999789056
639,TUGU.JK,PT Asuransi Tugu Pratama Indonesia Tbk,Asuransi Tugu Pratama Indonesia,Financial Services,Insurance—Diversified,1510,1777779968,2577780965376
640,TURI.JK,PT Tunas Ridean Tbk,Tunas Ridean Tbk.,Consumer Cyclical,Auto & Truck Dealerships,1250,5580000256,6835500220416
641,UCID.JK,PT Uni-Charm Indonesia Tbk,Uni-Charm Indonesia Tbk.,Consumer Defensive,Household & Personal Products,1635,4143310080,6774312140800
642,ULTJ.JK,PT Ultrajaya Milk Industry & Trading Company Tbk,Ultra Jaya Milk Industry & Trad,Consumer Defensive,Packaged Foods,1520,10398199808,15753273147392
643,UNIC.JK,PT Unggul Indah Cahaya Tbk,Unggul Indah Cahaya Tbk.,Basic Materials,Chemicals,6100,383331008,2798316421120
644,UNIT.JK,PT Nusantara Inti Corpora Tbk,Nusantara Inti Corpora Tbk,Financial Services,Capital Markets,316,75422200,23833415680
645,UNSP.JK,PT Bakrie Sumatera Plantations Tbk,Bakrie Sumatera Plantations Tbk,Consumer Defensive,Farm Products,117,1372050048,292518723584
646,UNTR.JK,PT United Tractors Tbk,United Tractors Tbk.,Industrials,Farm & Heavy Construction Machinery,22325,3730139904,84207908945920
647,UNVR.JK,PT Unilever Indonesia Tbk,Unilever Indonesia Tbk.,Consumer Defensive,Household & Personal Products,6525,38150000640,251790008254464
648,URBN.JK,PT Urban Jakarta Propertindo Tbk,Urban Jakarta Propertindo Tbk.,Real Estate,Real Estate—Development,392,3232120064,1208812961792
649,VICO.JK,PT Victoria Investama Tbk,Victoria Investama Tbk.,Financial Services,Asset Management,133,9150090240,1244412248064
650,VINS.JK,PT Victoria Insurance Tbk,Victoria Insurance Tbk.,Financial Services,Insurance—Property & Casualty,109,1460569984,157741563904
651,VIVA.JK,PT Visi Media Asia Tbk,Visi Media Asia Tbk.,Communication Services,Broadcasting,66,15429499904,1103108112384
652,VOKS.JK,PT Voksel Electric Tbk,Voksel Electric Tbk.,Industrials,Electrical Equipment & Parts,212,4155599872,847742369792
653,VRNA.JK,PT. Verena Multi Finance Tbk,Verena Multi Finance Tbk.,Financial Services,Credit Services,117,5687349760,659732561920
654,WAPO.JK,PT Wahana Pronatural Tbk,Wahana Pronatural Tbk.,Consumer Defensive,Packaged Foods,75,1240920064,90587168768
655,WEGE.JK,PT Wijaya Karya Bangunan Gedung Tbk.,Wijaya Karya Bangunan Gedung Tb,Industrials,Engineering & Construction,204,9571999744,1990975946752
656,WEHA.JK,PT WEHA Transportasi Indonesia Tbk,WEHA Transportasi Indonesia Tbk,Industrials,Railroads,80,886411008,85095456768
657,WICO.JK,Pt Wicaksana Overseas International Tbk,Wicaksana Overseas Internationa,Consumer Defensive,Food Distribution,400,1268950016,563413778432
658,WIIM.JK,PT Wismilak Inti Makmur Tbk,Wismilak Inti Makmur Tbk.,Consumer Defensive,Tobacco,980,2099869952,2068371865600
659,WIKA.JK,PT Wijaya Karya (Persero) Tbk.,Wijaya Karya (Persero) Tbk.,Industrials,Engineering & Construction,1460,8968850432,13273898418176
660,WINS.JK,PT Wintermar Offshore Marine Tbk,Wintermar Offshore Marine Tbk.,Industrials,Marine Shipping,95,4243010048,407328980992
661,WOMF.JK,PT Wahana Ottomitra Multiartha Tbk,Wahana Ottomitra Multiartha Tbk,Financial Services,Credit Services,246,3481479936,849481105408
662,WOOD.JK,PT Integra Indocabinet Tbk,Integra Indocabinet Tbk.,Consumer Cyclical,"Furnishings, Fixtures & Appliances",820,6306250240,5202656624640
663,WOWS.JK,PT Ginting Jaya Energi Tbk,Ginting Jaya Energi Tbk.,Energy,Oil & Gas Equipment & Services,59,2475719936,148543193088
664,WSBP.JK,PT Waskita Beton Precast Tbk,Waskita Beton Precast Tbk.,Basic Materials,Building Materials,195,24515899392,4878663942144
665,WSKT.JK,PT Waskita Karya (Persero) Tbk,Waskita Karya (Persero) Tbk.,Industrials,Engineering & Construction,1040,13573999616,14320569155584
666,WTON.JK,PT Wijaya Karya Beton Tbk,Wijaya Karya Beton Tbk.,Basic Materials,Building Materials,302,8715469824,2666933780480
667,YELO.JK,PT Yelooo Integra Datanet Tbk,Yelooo Integra Datanet Tbk.,Consumer Cyclical,Travel Services,86,380044000,35724136448
668,YPAS.JK,PT Yanaprima Hastapersada Tbk,Yanaprima Hastapersada Tbk,Consumer Cyclical,Packaging & Containers,466,668000000,347360002048
669,YULE.JK,PT Yulie Sekuritas Indonesia Tbk,Yulie Sekuritas Indonesia Tbk.,Financial Services,Capital Markets,420,1784999936,749699989504
670,ZBRA.JK,PT Zebra Nusantara Tbk,Zebra Nusantara Tbk,Consumer Cyclical,Specialty Retail,840,40082500,170766106624
671,ZINC.JK,PT Kapuas Prima Coal Tbk,Kapuas Prima Coal Tbk.,Basic Materials,Other Industrial Metals & Mining,127,25250000896,3181500170240
672,ZONE.JK,PT Mega Perintis Tbk,Mega Perintis Tbk.,Consumer Cyclical,Apparel Retail,440,870171008,381134897152
